,Ad name,Ad delivery,Attribution setting,Results,Result indicator,Reach,Frequency,Cost per results,Ad set budget,Ad set budget type,Amount spent (USD),Ends,Impressions,"CPM (cost per 1,000 impressions) (USD)",Link clicks,CPC (cost per link click) (USD),CTR (link click-through rate),Clicks (all),CTR (all),CPC (all) (USD),Landing page views,Content views,Website content views,Checkouts Initiated,Website checkouts initiated,Adds of payment info,Website adds of payment info,Purchase ROAS (return on ad spend),Website purchase ROAS (return on ad spend),Purchases,Website purchases,Date created,Date last edited,Objective,Bid,Bid type,Reporting starts,Reporting ends,Starts
67697,New Engagement Ad,inactive,7-day click or 1-day view,151.0,actions:post_engagement,476,1.086134,0.1215894,80,Lifetime,18.36,2023-02-11,517,35.512573,1.0,18.36,0.193424,1,0.193424,18.36,,,,,,,,,,,,2023-01-23,2024-10-06,Engagement,0,ABSOLUTE_OCPM,2023-02-07,2023-02-13,2023-01-23
68484,New Engagement Ad,inactive,7-day click or 1-day view,283.0,actions:post_engagement,728,1.167582,0.10289753,80,Lifetime,29.12,2023-02-11,850,34.258824,2.0,14.56,0.235294,7,0.823529,4.16,1.0,,,,,,,,,,,2023-01-23,2024-10-06,Engagement,0,ABSOLUTE_OCPM,2023-01-31,2023-02-06,2023-01-23
69271,New Engagement Ad,inactive,7-day click or 1-day view,287.0,actions:post_engagement,586,1.170648,0.10864111,80,Lifetime,31.18,2023-02-11,686,45.451895,3.0,10.393333,0.437318,3,0.437318,10.393333,1.0,,,,,,,,,,,2023-01-23,2024-10-06,Engagement,0,ABSOLUTE_OCPM,2023-01-24,2023-01-30,2023-01-23
70058,New Engagement Ad,inactive,7-day click or 1-day view,14.0,actions:post_engagement,22,1.0,0.09571429,80,Lifetime,1.34,2023-02-11,22,60.909091,,,,0,0.0,0.0,,,,,,,,,,,,2023-01-23,2024-10-06,Engagement,0,ABSOLUTE_OCPM,2023-01-17,2023-01-23,2023-01-23
75599,New Engagement Ad,inactive,7-day click or 1-day view,84.0,actions:post_engagement,174,1.011494,0.1825,35,Lifetime,15.33,2022-12-02,176,87.102273,,,,0,0.0,0.0,,,,,,,,,,,,2022-11-23,2024-10-06,Engagement,0,ABSOLUTE_OCPM,2022-11-29,2022-12-05,2022-11-23
76386,New Engagement Ad,inactive,7-day click or 1-day view,118.0,actions:post_engagement,174,1.16092,0.16669492,35,Lifetime,19.67,2022-12-02,202,97.376238,,,,0,0.0,0.0,,,,,,,,,,,,2022-11-23,2024-10-06,Engagement,0,ABSOLUTE_OCPM,2022-11-22,2022-11-28,2022-11-23
77205,New Traffic Ad,inactive,7-day click or 1-day view,3.0,actions:link_click,35,1.0,0.69333333,40,Lifetime,2.08,2022-11-15,35,59.428571,3.0,0.693333,8.571429,3,8.571429,0.693333,,,,,,,,,,,,2022-11-02,2024-10-06,Traffic,0,ABSOLUTE_OCPM,2022-11-15,2022-11-21,2022-11-02
77992,New Traffic Ad,inactive,7-day click or 1-day view,25.0,actions:link_click,444,1.096847,0.8344,40,Lifetime,20.86,2022-11-15,487,42.833676,25.0,0.8344,5.13347,25,5.13347,0.8344,13.0,,,,,,,,,,,2022-11-02,2024-10-06,Traffic,0,ABSOLUTE_OCPM,2022-11-08,2022-11-14,2022-11-02
78779,New Traffic Ad,inactive,7-day click or 1-day view,23.0,actions:link_click,504,1.051587,0.74173913,40,Lifetime,17.06,2022-11-15,530,32.188679,23.0,0.741739,4.339623,26,4.90566,0.656154,10.0,,,,,,,,,,,2022-11-02,2024-10-06,Traffic,0,ABSOLUTE_OCPM,2022-11-01,2022-11-07,2022-11-02
81172,New Engagement Ad,inactive,7-day click or 1-day view,98.0,actions:post_engagement,347,1.011527,0.09316327,20,Lifetime,9.13,2022-10-13,351,26.011396,1.0,9.13,0.2849,1,0.2849,9.13,1.0,,,,,,,,,,,2022-10-07,2024-10-06,Engagement,0,ABSOLUTE_OCPM,2022-10-11,2022-10-17,2022-10-07
81959,New Engagement Ad,inactive,7-day click or 1-day view,139.0,actions:post_engagement,470,1.1,0.07820144,20,Lifetime,10.87,2022-10-13,517,21.025145,,,,0,0.0,0.0,,,,,,,,,,,,2022-10-07,2024-10-06,Engagement,0,ABSOLUTE_OCPM,2022-10-04,2022-10-10,2022-10-07
92222,New Traffic Ad,inactive,7-day click or 1-day view,14.0,actions:link_click,513,1.003899,0.47714286,30,Lifetime,6.68,2022-07-05,515,12.970874,14.0,0.477143,2.718447,18,3.495146,0.371111,1.0,,,,,,,,,,,2022-07-03,2024-10-06,Traffic,0,ABSOLUTE_OCPM,2022-07-05,2022-07-11,2022-07-03
92880,New Traffic Ad,inactive,7-day click or 1-day view,18.0,actions:link_click,801,1.003745,0.90277778,100,Lifetime,16.25,2022-06-28,804,20.211443,18.0,0.902778,2.238806,27,3.358209,0.601852,,,,,,,,,,,,2022-06-22,2024-10-06,Traffic,0,ABSOLUTE_OCPM,2022-06-28,2022-07-04,2022-06-22
92912,New Post engagement Ad,inactive,7-day click or 1-day view,102.0,actions:post_engagement,501,1.033932,0.0545098,20,Lifetime,5.56,2022-06-30,518,10.733591,,,,2,0.3861,2.78,,,,,,,,,,,,2022-06-22,2024-10-06,Engagement,0,ABSOLUTE_OCPM,2022-06-28,2022-07-04,2022-06-22
93009,New Traffic Ad,inactive,7-day click or 1-day view,42.0,actions:link_click,1437,1.017397,0.5552381,30,Lifetime,23.32,2022-07-05,1462,15.950752,42.0,0.555238,2.872777,51,3.488372,0.457255,7.0,,,,,,,,,,,2022-07-03,2024-10-06,Traffic,0,ABSOLUTE_OCPM,2022-06-28,2022-07-04,2022-07-03
93667,New Traffic Ad,inactive,7-day click or 1-day view,74.0,actions:link_click,3471,1.147796,1.13175676,100,Lifetime,83.75,2022-06-28,3984,21.021586,74.0,1.131757,1.85743,105,2.635542,0.797619,34.0,,,,,,,,,,,2022-06-22,2024-10-06,Traffic,0,ABSOLUTE_OCPM,2022-06-21,2022-06-27,2022-06-22
93699,New Post engagement Ad,inactive,7-day click or 1-day view,196.0,actions:post_engagement,865,1.087861,0.07367347,20,Lifetime,14.44,2022-06-30,941,15.345377,,,,2,0.21254,7.22,,,,,,,,,,,,2022-06-22,2024-10-06,Engagement,0,ABSOLUTE_OCPM,2022-06-21,2022-06-27,2022-06-22
97666,New Post engagement Ad,inactive,7-day click or 1-day view,114.0,actions:post_engagement,1936,1.125517,0.07447368,25,Lifetime,8.49,2022-05-20,2179,3.896283,,,,3,0.137678,2.83,,,,,,,,,,,,2022-05-09,2024-10-06,Engagement,0,ABSOLUTE_OCPM,2022-05-17,2022-05-23,2022-05-09
98453,New Post engagement Ad,inactive,7-day click or 1-day view,224.0,actions:post_engagement,3066,1.359426,0.07366071,25,Lifetime,16.5,2022-05-20,4168,3.958733,,,,8,0.191939,2.0625,,,,,,,,,,,,2022-05-09,2024-10-06,Engagement,0,ABSOLUTE_OCPM,2022-05-10,2022-05-16,2022-05-09
99272,New Traffic Ad,inactive,7-day click or 1-day view,79.0,actions:link_click,1546,1.087322,0.40544304,60,Lifetime,32.03,2022-05-08,1681,19.054134,79.0,0.405443,4.699584,86,5.116002,0.372442,57.0,2.0,2.0,,,,,,,,,2022-04-27,2024-10-06,Traffic,0,ABSOLUTE_OCPM,2022-05-03,2022-05-09,2022-04-27
100059,New Traffic Ad,inactive,7-day click or 1-day view,74.0,actions:link_click,1358,1.086156,0.37797297,60,Lifetime,27.97,2022-05-08,1475,18.962712,74.0,0.377973,5.016949,79,5.355932,0.354051,54.0,4.0,4.0,,,,,,,,,2022-04-27,2024-10-06,Traffic,0,ABSOLUTE_OCPM,2022-04-26,2022-05-02,2022-04-27
101665,New Post engagement Ad,inactive,7-day click or 1-day view,31.0,actions:post_engagement,225,1.084444,0.17419355,20,Lifetime,5.4,2022-04-14,244,22.131148,,,,0,0.0,0.0,,,,,,,,,,,,2022-04-05,2024-10-06,Engagement,0,ABSOLUTE_OCPM,2022-04-12,2022-04-18,2022-04-05
102452,New Post engagement Ad,inactive,7-day click or 1-day view,93.0,actions:post_engagement,490,1.159184,0.15698925,20,Lifetime,14.6,2022-04-14,568,25.704225,,,,1,0.176056,14.6,,,,,,,,,,,,2022-04-05,2024-10-06,Engagement,0,ABSOLUTE_OCPM,2022-04-05,2022-04-11,2022-04-05
103271,New Post engagement Ad,inactive,7-day click or 1-day view,141.0,actions:post_engagement,609,1.118227,0.07907801,12,Lifetime,11.15,2022-04-04,681,16.372981,,,,1,0.146843,11.15,,,,,,,,,,,,2022-03-28,2024-10-06,Engagement,0,ABSOLUTE_OCPM,2022-03-29,2022-04-04,2022-03-28
104058,New Post engagement Ad,inactive,7-day click or 1-day view,10.0,actions:post_engagement,37,1.0,0.085,12,Lifetime,0.85,2022-04-04,37,22.972973,,,,0,0.0,0.0,,,,,,,,,,,,2022-03-28,2024-10-06,Engagement,0,ABSOLUTE_OCPM,2022-03-22,2022-03-28,2022-03-28
104090,New Traffic Ad,inactive,7-day click or 1-day view,147.0,actions:link_click,2624,1.160442,0.34013605,50,Lifetime,50.0,2022-03-26,3045,16.420361,147.0,0.340136,4.827586,173,5.681445,0.289017,127.0,5.0,5.0,,,,,,,,,2022-03-22,2024-10-06,Traffic,0,ABSOLUTE_OCPM,2022-03-22,2022-03-28,2022-03-22
104122,New Post engagement Ad,inactive,7-day click or 1-day view,20.0,actions:post_engagement,133,1.022556,0.201,50,Lifetime,4.02,2022-03-23,136,29.558824,,,,0,0.0,0.0,,,,,,,,,,,,2022-03-10,2024-10-06,Engagement,0,ABSOLUTE_OCPM,2022-03-22,2022-03-28,2022-03-10
104909,New Post engagement Ad,inactive,7-day click or 1-day view,183.0,actions:post_engagement,474,1.065401,0.14830601,50,Lifetime,27.14,2022-03-23,505,53.742574,,,,0,0.0,0.0,,,,,,,,,,,,2022-03-10,2024-10-06,Engagement,0,ABSOLUTE_OCPM,2022-03-15,2022-03-21,2022-03-10
105696,New Post engagement Ad,inactive,7-day click or 1-day view,143.0,actions:post_engagement,360,1.036111,0.13174825,50,Lifetime,18.84,2022-03-23,373,50.509383,,,,0,0.0,0.0,,,,,,,,,,,,2022-03-10,2024-10-06,Engagement,0,ABSOLUTE_OCPM,2022-03-08,2022-03-14,2022-03-10
106515,New Post engagement Ad,inactive,7-day click or 1-day view,181.0,actions:post_engagement,832,1.133413,0.06071823,12,Lifetime,10.99,2022-03-05,943,11.654295,,,,2,0.212089,5.495,,,,,,,,,,,,2022-02-28,2024-10-06,Engagement,0,ABSOLUTE_OCPM,2022-03-01,2022-03-07,2022-02-28
106673,AD09_Video_T4,inactive,7-day click,1.0,actions:offsite_conversion.fb_pixel_purchase,0,0.0,0.0,Using campaign budget,0,0.0,2022-02-28,0,0.0,,,,0,0.0,0.0,,11.0,11.0,1.0,1.0,,,,,1.0,1.0,2022-02-26,2024-10-06,CONVERSIONS,0,ABSOLUTE_OCPM,2022-03-01,2022-03-07,2022-02-26
107141,New Post engagement Ad,inactive,7-day click or 1-day view,90.0,actions:post_engagement,286,1.020979,0.08577778,20,Lifetime,7.72,2022-02-25,292,26.438356,,,,2,0.684932,3.86,,,,,,,,,,,,2022-02-17,2024-10-06,Engagement,0,ABSOLUTE_OCPM,2022-02-22,2022-02-28,2022-02-17
107302,New Post engagement Ad,inactive,7-day click or 1-day view,8.0,actions:post_engagement,61,1.0,0.12625,12,Lifetime,1.01,2022-03-05,61,16.557377,,,,0,0.0,0.0,,,,,,,,,,,,2022-02-28,2024-10-06,Engagement,0,ABSOLUTE_OCPM,2022-02-22,2022-02-28,2022-02-28
107460,AD09_Video_T4,inactive,7-day click,1.0,actions:offsite_conversion.fb_pixel_purchase,1246,1.526485,104.91,Using campaign budget,0,104.91,2022-02-28,1902,55.157729,95.0,1.104316,4.994742,151,7.939012,0.694768,82.0,31.0,31.0,1.0,1.0,1.0,1.0,0.657707,0.657707,1.0,1.0,2022-02-26,2024-10-06,CONVERSIONS,0,ABSOLUTE_OCPM,2022-02-22,2022-02-28,2022-02-26
107801,AD05_IMG_T1_Yellow,inactive,7-day click,1.0,actions:offsite_conversion.fb_pixel_purchase,24,2.041667,3.22,Using campaign budget,0,3.22,2022-02-28,49,65.714286,4.0,0.805,8.163265,4,8.163265,0.805,4.0,10.0,10.0,2.0,2.0,1.0,1.0,49.378882,49.378882,1.0,1.0,2022-02-26,2024-10-06,CONVERSIONS,0,ABSOLUTE_OCPM,2022-02-22,2022-02-28,2022-02-26
107928,New Post engagement Ad,inactive,7-day click or 1-day view,129.0,actions:post_engagement,470,1.053191,0.0951938,20,Lifetime,12.28,2022-02-25,495,24.808081,,,,1,0.20202,12.28,,,,,,,,,,,,2022-02-17,2024-10-06,Engagement,0,ABSOLUTE_OCPM,2022-02-15,2022-02-21,2022-02-17
108493,AD10_IMG_T4_V,inactive,7-day click or 1-day view,2.0,actions:offsite_conversion.fb_pixel_purchase,276,1.130435,3.865,Using campaign budget,0,7.73,מתמשך,312,24.775641,6.0,1.288333,1.923077,7,2.24359,1.104286,4.0,,,,,,,,,2.0,2.0,2022-02-07,2024-10-06,CONVERSIONS,0,ABSOLUTE_OCPM,2022-02-15,2022-02-21,2022-02-07
108524,AD10_IMG_T4_V,inactive,7-day click or 1-day view,2.0,actions:offsite_conversion.fb_pixel_purchase,1515,1.221122,13.2,Using campaign budget,0,26.4,מתמשך,1850,14.27027,24.0,1.1,1.297297,31,1.675676,0.851613,17.0,2.0,2.0,,,,,,,2.0,2.0,2022-02-07,2024-10-06,CONVERSIONS,0,ABSOLUTE_OCPM,2022-02-15,2022-02-21,2022-02-07
108611,AD01,inactive,7-day click,2.0,actions:offsite_conversion.fb_pixel_purchase,2223,2.525416,55.795,Using campaign budget,0,111.59,מתמשך,5614,19.877093,172.0,0.648779,3.063769,209,3.722836,0.533923,104.0,173.0,173.0,2.0,2.0,,,1.978672,1.978672,2.0,2.0,2022-01-13,2024-10-06,Catalog Sales,0,ABSOLUTE_OCPM,2022-02-08,2022-02-14,2022-01-13
108808,AD07_Video_T4,inactive,7-day click or 1-day view,1.0,actions:offsite_conversion.fb_pixel_purchase,0,0.0,0.0,50,Daily,0.0,מתמשך,0,0.0,,,,0,0.0,0.0,,26.0,26.0,,,1.0,1.0,,,1.0,1.0,2022-02-05,2024-10-06,CONVERSIONS,0,ABSOLUTE_OCPM,2022-02-08,2022-02-14,2022-02-05
108843,AD10_IMG_T4_V,inactive,7-day click,2.0,actions:offsite_conversion.fb_pixel_purchase,181,3.143646,12.76,Using campaign budget,0,25.52,מתמשך,569,44.850615,10.0,2.552,1.757469,11,1.933216,2.32,9.0,15.0,15.0,2.0,2.0,2.0,2.0,4.326019,4.326019,2.0,2.0,2022-02-07,2024-10-06,CONVERSIONS,0,ABSOLUTE_OCPM,2022-02-08,2022-02-14,2022-02-07
108899,AD01,inactive,7-day click,2.0,actions:offsite_conversion.fb_pixel_purchase,162,7.092593,20.435,Using campaign budget,0,40.87,מתמשך,1149,35.570061,51.0,0.801373,4.438642,62,5.395997,0.659194,38.0,77.0,77.0,2.0,2.0,4.0,4.0,2.701248,2.701248,2.0,2.0,2022-01-10,2024-10-06,Catalog Sales,0,ABSOLUTE_OCPM,2022-02-08,2022-02-14,2022-01-10
108971,AD10_IMG_T4_V,inactive,7-day click,2.0,actions:offsite_conversion.fb_pixel_purchase,693,2.213564,31.02,Using campaign budget,0,62.04,מתמשך,1534,40.443286,43.0,1.442791,2.803129,57,3.715776,1.088421,36.0,64.0,64.0,2.0,2.0,2.0,2.0,2.001934,2.001934,2.0,2.0,2022-02-07,2024-10-06,CONVERSIONS,0,ABSOLUTE_OCPM,2022-02-08,2022-02-14,2022-02-07
109095,AD10_IMG_T4_V,inactive,7-day click,2.0,actions:offsite_conversion.fb_pixel_purchase,276,2.01087,10.92,Using campaign budget,0,21.84,מתמשך,555,39.351351,15.0,1.456,2.702703,20,3.603604,1.092,12.0,26.0,26.0,4.0,4.0,3.0,3.0,6.318681,6.318681,2.0,2.0,2022-02-07,2024-10-06,CONVERSIONS,0,ABSOLUTE_OCPM,2022-02-08,2022-02-14,2022-02-07
109123,New Traffic Ad,inactive,7-day click or 1-day view,18.0,actions:link_click,690,1.030435,0.87111111,50,Lifetime,15.68,2022-02-09,711,22.053446,18.0,0.871111,2.531646,20,2.81294,0.784,8.0,,,,,,,,,,,2022-02-03,2024-10-06,Traffic,0,ABSOLUTE_OCPM,2022-02-08,2022-02-14,2022-02-03
109214,AD09_Video_T4,inactive,7-day click,1.0,actions:offsite_conversion.fb_pixel_purchase,0,0.0,0.0,20,Daily,0.0,מתמשך,0,0.0,,,,0,0.0,0.0,,12.0,12.0,2.0,2.0,3.0,3.0,,,1.0,1.0,2022-01-13,2024-10-06,CONVERSIONS,0,ABSOLUTE_OCPM,2022-02-08,2022-02-14,2022-01-13
109218,AD10_IMG_T4_V,inactive,7-day click or 1-day view,2.0,actions:offsite_conversion.fb_pixel_purchase,1920,1.373958,14.66,Using campaign budget,0,29.32,מתמשך,2638,11.114481,30.0,0.977333,1.137225,32,1.21304,0.91625,23.0,19.0,19.0,1.0,1.0,2.0,2.0,4.706685,4.706685,2.0,2.0,2022-02-07,2024-10-06,CONVERSIONS,0,ABSOLUTE_OCPM,2022-02-08,2022-02-14,2022-02-07
109243,AD04_IMG_T2_Yellow,inactive,7-day click,1.0,actions:offsite_conversion.fb_pixel_purchase,0,0.0,0.0,20,Daily,0.0,מתמשך,0,0.0,,,,0,0.0,0.0,,,,,,,,,,1.0,1.0,2022-01-13,2024-10-06,CONVERSIONS,0,ABSOLUTE_OCPM,2022-02-08,2022-02-14,2022-01-13
109342,AD10_IMG_T4_V,inactive,7-day click or 1-day view,1.0,actions:offsite_conversion.fb_pixel_purchase,11742,1.512689,82.02,Using campaign budget,0,82.02,מתמשך,17762,4.617723,91.0,0.901319,0.51233,109,0.61367,0.752477,71.0,50.0,50.0,1.0,1.0,1.0,1.0,0.841258,0.841258,1.0,1.0,2022-02-07,2024-10-06,CONVERSIONS,0,ABSOLUTE_OCPM,2022-02-08,2022-02-14,2022-02-07
109403,AD09_Video_T4,inactive,7-day click or 1-day view,1.0,actions:offsite_conversion.fb_pixel_purchase,993,1.043303,30.98,50,Daily,30.98,מתמשך,1036,29.903475,35.0,0.885143,3.378378,50,4.826255,0.6196,29.0,8.0,8.0,1.0,1.0,2.0,2.0,2.227243,2.227243,1.0,1.0,2022-02-05,2024-10-06,CONVERSIONS,0,ABSOLUTE_OCPM,2022-02-01,2022-02-07,2022-02-05
109910,New Traffic Ad,inactive,7-day click or 1-day view,48.0,actions:link_click,1427,1.084793,0.715,50,Lifetime,34.32,2022-02-09,1548,22.170543,48.0,0.715,3.100775,51,3.294574,0.672941,35.0,,,,,,,,,,,2022-02-03,2024-10-06,Traffic,0,ABSOLUTE_OCPM,2022-02-01,2022-02-07,2022-02-03
109970,AD09_Video_T4,inactive,7-day click,1.0,actions:offsite_conversion.fb_pixel_purchase,683,1.395315,66.46,20,Daily,66.46,מתמשך,953,69.737671,58.0,1.145862,6.086044,81,8.499475,0.820494,48.0,28.0,28.0,1.0,1.0,1.0,1.0,2.392416,2.392416,1.0,1.0,2022-01-13,2024-10-06,CONVERSIONS,0,ABSOLUTE_OCPM,2022-02-01,2022-02-07,2022-01-13
110001,AD09_Video_T4,inactive,7-day click,3.0,actions:offsite_conversion.fb_pixel_purchase,785,1.51465,20.65,20,Daily,61.95,מתמשך,1189,52.102607,60.0,1.0325,5.046257,94,7.905803,0.659043,56.0,34.0,34.0,10.0,10.0,3.0,3.0,3.502825,3.502825,3.0,3.0,2022-01-13,2024-10-06,CONVERSIONS,0,ABSOLUTE_OCPM,2022-02-01,2022-02-07,2022-01-13
110185,AD01,inactive,7-day click,1.0,actions:offsite_conversion.fb_pixel_purchase,259,1.594595,5.29,Using campaign budget,0,5.29,מתמשך,413,12.808717,8.0,0.66125,1.937046,14,3.389831,0.377857,5.0,10.0,10.0,1.0,1.0,2.0,2.0,20.793951,20.793951,1.0,1.0,2022-01-13,2024-10-06,Catalog Sales,0,ABSOLUTE_OCPM,2022-01-25,2022-01-31,2022-01-13
110728,New Traffic Ad,inactive,7-day click or 1-day view,37.0,actions:link_click,2079,1.040404,0.56486486,35,Lifetime,20.9,2022-01-29,2163,9.662506,37.0,0.564865,1.710587,48,2.21914,0.435417,27.0,7.0,7.0,,,,,,,,,2022-01-21,2024-10-06,Traffic,0,ABSOLUTE_OCPM,2022-01-25,2022-01-31,2022-01-21
110758,AD09_Video_T4,inactive,7-day click,1.0,actions:offsite_conversion.fb_pixel_purchase,63,1.269841,5.13,5,Daily,5.13,מתמשך,80,64.125,1.0,5.13,1.25,4,5.0,1.2825,1.0,10.0,10.0,2.0,2.0,3.0,3.0,21.442495,21.442495,1.0,1.0,2022-01-13,2024-10-06,CONVERSIONS,0,ABSOLUTE_OCPM,2022-01-25,2022-01-31,2022-01-13
110972,AD01,inactive,7-day click,1.0,actions:offsite_conversion.fb_pixel_purchase,770,2.094805,24.62,Using campaign budget,0,24.62,מתמשך,1613,15.263484,33.0,0.746061,2.045877,47,2.913825,0.52383,22.0,27.0,27.0,1.0,1.0,1.0,1.0,5.158408,5.158408,1.0,1.0,2022-01-13,2024-10-06,Catalog Sales,0,ABSOLUTE_OCPM,2022-01-18,2022-01-24,2022-01-13
110975,AD09_Video_T4,inactive,7-day click,2.0,actions:offsite_conversion.fb_pixel_purchase,1641,1.061548,16.885,10,Daily,33.77,מתמשך,1742,19.385763,55.0,0.614,3.15729,72,4.13318,0.469028,36.0,5.0,5.0,,,,,,,2.0,2.0,2022-01-13,2024-10-06,CONVERSIONS,0,ABSOLUTE_OCPM,2022-01-18,2022-01-24,2022-01-13
111194,AD07_Video_T4,inactive,7-day click or 1-day view,2.0,actions:offsite_conversion.fb_pixel_purchase,617,1.119935,6.945,20,Daily,13.89,מתמשך,691,20.101302,17.0,0.817059,2.460203,24,3.473227,0.57875,16.0,7.0,7.0,1.0,1.0,2.0,2.0,13.102952,13.102952,2.0,2.0,2022-01-05,2024-10-07,CONVERSIONS,0,ABSOLUTE_OCPM,2022-01-18,2022-01-24,2022-01-05
111228,AD04_IMG_T2_Yellow,inactive,7-day click or 1-day view,1.0,actions:offsite_conversion.fb_pixel_purchase,660,1.259091,11.53,20,Daily,11.53,מתמשך,831,13.87485,14.0,0.823571,1.684717,19,2.286402,0.606842,13.0,10.0,10.0,1.0,1.0,1.0,1.0,9.54033,9.54033,1.0,1.0,2022-01-13,2024-10-06,CONVERSIONS,0,ABSOLUTE_OCPM,2022-01-18,2022-01-24,2022-01-13
111231,AD09_Video_T4,inactive,7-day click or 1-day view,3.0,actions:offsite_conversion.fb_pixel_purchase,1115,1.043946,14.34666667,20,Daily,43.04,מתמשך,1164,36.975945,49.0,0.878367,4.209622,72,6.185567,0.597778,42.0,24.0,24.0,2.0,2.0,3.0,3.0,5.111524,5.111524,3.0,3.0,2022-01-13,2024-10-06,CONVERSIONS,0,ABSOLUTE_OCPM,2022-01-18,2022-01-24,2022-01-05
111260,AD01,inactive,7-day click,6.0,actions:offsite_conversion.fb_pixel_purchase,156,4.096154,3.195,Using campaign budget,0,19.17,מתמשך,639,30.0,32.0,0.599063,5.007825,50,7.824726,0.3834,29.0,50.0,50.0,9.0,9.0,7.0,7.0,20.683359,20.683359,6.0,6.0,2022-01-10,2024-10-06,Catalog Sales,0,ABSOLUTE_OCPM,2022-01-18,2022-01-24,2022-01-10
111263,AD09_Video_T4,inactive,7-day click or 1-day view,6.0,actions:offsite_conversion.fb_pixel_purchase,2582,1.09605,21.72166667,20,Daily,130.33,מתמשך,2830,46.053004,124.0,1.051048,4.381625,194,6.855124,0.671804,106.0,38.0,38.0,6.0,6.0,5.0,5.0,3.084478,3.084478,6.0,6.0,2022-01-13,2024-10-06,CONVERSIONS,0,ABSOLUTE_OCPM,2022-01-18,2022-01-24,2022-01-05
111295,AD09_Video_T4,inactive,7-day click or 1-day view,3.0,actions:offsite_conversion.fb_pixel_purchase,2509,1.127541,34.38,20,Daily,103.14,מתמשך,2829,36.458112,103.0,1.001359,3.640863,147,5.196182,0.701633,90.0,15.0,15.0,1.0,1.0,1.0,1.0,0.533256,0.533256,3.0,3.0,2022-01-13,2024-10-06,CONVERSIONS,0,ABSOLUTE_OCPM,2022-01-18,2022-01-24,2022-01-05
111358,AD09_Video_T4,inactive,7-day click or 1-day view,4.0,actions:offsite_conversion.fb_pixel_purchase,3079,1.130237,27.64,20,Daily,110.56,מתמשך,3480,31.770115,126.0,0.87746,3.62069,200,5.747126,0.5528,118.0,50.0,50.0,5.0,5.0,4.0,4.0,2.487337,2.487337,4.0,4.0,2022-01-13,2024-10-06,CONVERSIONS,0,ABSOLUTE_OCPM,2022-01-18,2022-01-24,2022-01-05
111387,AD07_Video_T4,inactive,7-day click,1.0,actions:offsite_conversion.fb_pixel_purchase,27,1.444444,1.8,20,Daily,1.8,מתמשך,39,46.153846,4.0,0.45,10.25641,6,15.384615,0.3,4.0,7.0,7.0,1.0,1.0,2.0,2.0,91.666667,91.666667,1.0,1.0,2022-01-13,2024-10-06,CONVERSIONS,0,ABSOLUTE_OCPM,2022-01-18,2022-01-24,2022-01-13
111451,AD09_Video_T4,inactive,7-day click or 1-day view,1.0,actions:offsite_conversion.fb_pixel_purchase,371,1.061995,21.76,5,Daily,21.76,מתמשך,394,55.228426,17.0,1.28,4.314721,23,5.837563,0.946087,13.0,6.0,6.0,1.0,1.0,1.0,1.0,2.527574,2.527574,1.0,1.0,2022-01-13,2024-10-07,CONVERSIONS,0,ABSOLUTE_OCPM,2022-01-18,2022-01-24,2022-01-13
111482,AD09_Video_T4,inactive,7-day click or 1-day view,2.0,actions:offsite_conversion.fb_pixel_purchase,2609,1.106171,54.51,20,Daily,109.02,מתמשך,2886,37.775468,133.0,0.819699,4.608455,191,6.618157,0.570785,119.0,54.0,54.0,2.0,2.0,2.0,2.0,1.618969,1.618969,2.0,2.0,2022-01-13,2024-10-06,CONVERSIONS,0,ABSOLUTE_OCPM,2022-01-18,2022-01-24,2022-01-13
111515,New Traffic Ad,inactive,7-day click or 1-day view,30.0,actions:link_click,1682,1.032105,0.47,35,Lifetime,14.1,2022-01-29,1736,8.12212,30.0,0.47,1.728111,37,2.131336,0.381081,25.0,1.0,1.0,,,,,,,,,2022-01-21,2024-10-06,Traffic,0,ABSOLUTE_OCPM,2022-01-18,2022-01-24,2022-01-21
111544,AD09_Video_T4,inactive,7-day click,1.0,actions:offsite_conversion.fb_pixel_purchase,455,1.325275,36.65,20,Daily,36.65,מתמשך,603,60.779436,37.0,0.990541,6.135987,56,9.286899,0.654464,32.0,34.0,34.0,1.0,1.0,1.0,1.0,1.500682,1.500682,1.0,1.0,2022-01-13,2024-10-06,CONVERSIONS,0,ABSOLUTE_OCPM,2022-01-18,2022-01-24,2022-01-13
111546,New Traffic Ad,inactive,7-day click or 1-day view,100.0,actions:link_click,1934,1.361427,0.3453,35,Lifetime,34.53,2022-01-24,2633,13.114318,100.0,0.3453,3.797949,124,4.709457,0.278468,80.0,15.0,15.0,,,,,,,,,2022-01-17,2024-10-06,Traffic,0,ABSOLUTE_OCPM,2022-01-18,2022-01-24,2022-01-17
111575,AD09_Video_T4,inactive,7-day click,4.0,actions:offsite_conversion.fb_pixel_purchase,693,1.53824,12.2225,20,Daily,48.89,מתמשך,1066,45.863039,44.0,1.111136,4.12758,73,6.84803,0.669726,42.0,29.0,29.0,5.0,5.0,5.0,5.0,4.499898,4.499898,4.0,4.0,2022-01-13,2024-10-06,CONVERSIONS,0,ABSOLUTE_OCPM,2022-01-18,2022-01-24,2022-01-13
111601,AD01_IMG_T2_Black,inactive,7-day click or 1-day view,1.0,actions:offsite_conversion.fb_pixel_purchase,256,1.339844,4.05,20,Daily,4.05,מתמשך,343,11.80758,11.0,0.368182,3.206997,10,2.915452,0.405,10.0,10.0,10.0,1.0,1.0,1.0,1.0,13.580247,13.580247,1.0,1.0,2022-01-05,2024-10-06,CONVERSIONS,0,ABSOLUTE_OCPM,2022-01-18,2022-01-24,2022-01-05
111670,AD08_Video_T2,inactive,7-day click,1.0,actions:offsite_conversion.fb_pixel_purchase,49,1.306122,1.81,20,Daily,1.81,מתמשך,64,28.28125,2.0,0.905,3.125,4,6.25,0.4525,2.0,1.0,1.0,1.0,1.0,1.0,1.0,30.38674,30.38674,1.0,1.0,2022-01-13,2024-10-06,CONVERSIONS,0,ABSOLUTE_OCPM,2022-01-18,2022-01-24,2022-01-13
111697,AD05_IMG_T1_Yellow,inactive,7-day click or 1-day view,1.0,actions:offsite_conversion.fb_pixel_purchase,79,1.632911,1.48,20,Daily,1.48,מתמשך,129,11.472868,3.0,0.493333,2.325581,5,3.875969,0.296,3.0,1.0,1.0,1.0,1.0,1.0,1.0,85.810811,85.810811,1.0,1.0,2022-01-13,2024-10-06,CONVERSIONS,0,ABSOLUTE_OCPM,2022-01-18,2022-01-24,2022-01-13
111700,AD01,inactive,7-day click,1.0,actions:offsite_conversion.fb_pixel_purchase,339,2.734513,31.32,Using campaign budget,0,31.32,מתמשך,927,33.786408,31.0,1.010323,3.344121,40,4.314995,0.783,23.0,31.0,31.0,1.0,1.0,1.0,1.0,1.756066,1.756066,1.0,1.0,2022-01-13,2024-10-06,Catalog Sales,0,ABSOLUTE_OCPM,2022-01-18,2022-01-24,2022-01-13
111759,AD01,inactive,7-day click,1.0,actions:offsite_conversion.fb_pixel_purchase,1724,1.786543,104.58,Using campaign budget,0,104.58,מתמשך,3080,33.954545,115.0,0.909391,3.733766,156,5.064935,0.670385,99.0,109.0,109.0,1.0,1.0,1.0,1.0,1.214381,1.214381,1.0,1.0,2022-01-13,2024-10-06,Catalog Sales,0,ABSOLUTE_OCPM,2022-01-11,2022-01-17,2022-01-13
111761,AD06_IMG_T4_Yellow,inactive,7-day click,1.0,actions:offsite_conversion.fb_pixel_purchase,540,1.32963,7.37,10,Daily,7.37,מתמשך,718,10.264624,11.0,0.67,1.532033,13,1.810585,0.566923,4.0,3.0,3.0,,,1.0,1.0,77.883311,77.883311,1.0,1.0,2022-01-13,2024-10-06,CONVERSIONS,0,ABSOLUTE_OCPM,2022-01-11,2022-01-17,2022-01-13
111762,AD09_Video_T4,inactive,7-day click,1.0,actions:offsite_conversion.fb_pixel_purchase,2032,1.069882,43.64,10,Daily,43.64,מתמשך,2174,20.073597,31.0,1.407742,1.425943,45,2.069917,0.969778,24.0,2.0,2.0,1.0,1.0,1.0,1.0,1.489459,1.489459,1.0,1.0,2022-01-13,2024-10-06,CONVERSIONS,0,ABSOLUTE_OCPM,2022-01-11,2022-01-17,2022-01-13
111827,AD09_Video_T4,inactive,7-day click or 1-day view,1.0,actions:offsite_conversion.fb_pixel_purchase,244,1.409836,14.35,2,Daily,14.35,מתמשך,344,41.715116,8.0,1.79375,2.325581,16,4.651163,0.896875,7.0,3.0,3.0,,,,,3.832753,3.832753,1.0,1.0,2022-01-14,2024-10-06,CONVERSIONS,0,ABSOLUTE_OCPM,2022-01-11,2022-01-17,2022-01-14
111922,AD09_Video_T4,inactive,7-day click,2.0,actions:offsite_conversion.fb_pixel_purchase,1211,1.078448,14.875,10,Daily,29.75,מתמשך,1306,22.779479,30.0,0.991667,2.29709,38,2.909648,0.782895,30.0,7.0,7.0,,,,,,,2.0,2.0,2022-01-13,2024-10-07,CONVERSIONS,0,ABSOLUTE_OCPM,2022-01-11,2022-01-17,2022-01-13
111948,AD07_Video_T4,inactive,7-day click or 1-day view,2.0,actions:offsite_conversion.fb_pixel_purchase,4448,1.232014,89.43,20,Daily,178.86,מתמשך,5480,32.638686,148.0,1.208514,2.70073,240,4.379562,0.74525,127.0,74.0,74.0,2.0,2.0,2.0,2.0,0.616124,0.616124,2.0,2.0,2022-01-05,2022-01-22,CONVERSIONS,0,ABSOLUTE_OCPM,2022-01-11,2022-01-17,2022-01-05
111980,AD06_IMG_T4_Yellow,inactive,7-day click or 1-day view,2.0,actions:offsite_conversion.fb_pixel_purchase,1516,1.297493,18.93,20,Daily,37.86,מתמשך,1967,19.247585,29.0,1.305517,1.474326,36,1.830198,1.051667,30.0,13.0,13.0,2.0,2.0,,,,,2.0,2.0,2022-01-05,2024-10-07,CONVERSIONS,0,ABSOLUTE_OCPM,2022-01-11,2022-01-17,2022-01-05
111981,AD07_Video_T4,inactive,7-day click or 1-day view,2.0,actions:offsite_conversion.fb_pixel_purchase,3077,1.245369,70.09,20,Daily,140.18,מתמשך,3832,36.58142,114.0,1.229649,2.974948,179,4.67119,0.783128,98.0,60.0,60.0,4.0,4.0,4.0,4.0,0.784705,0.784705,2.0,2.0,2022-01-05,2024-10-07,CONVERSIONS,0,ABSOLUTE_OCPM,2022-01-11,2022-01-17,2022-01-05
111986,AD09_Video_T4,inactive,7-day click or 1-day view,1.0,actions:offsite_conversion.fb_pixel_purchase,493,1.117647,24.41,20,Daily,24.41,מתמשך,551,44.30127,14.0,1.743571,2.540835,16,2.903811,1.525625,10.0,6.0,6.0,2.0,2.0,1.0,1.0,2.027857,2.027857,1.0,1.0,2022-01-13,2024-10-06,CONVERSIONS,0,ABSOLUTE_OCPM,2022-01-11,2022-01-17,2022-01-05
112047,AD01,inactive,7-day click,1.0,actions:offsite_conversion.fb_pixel_purchase,100,5.65,42.42,Using campaign budget,0,42.42,מתמשך,565,75.079646,25.0,1.6968,4.424779,41,7.256637,1.034634,22.0,32.0,32.0,1.0,1.0,1.0,1.0,1.296558,1.296558,1.0,1.0,2022-01-10,2024-10-06,Catalog Sales,0,ABSOLUTE_OCPM,2022-01-11,2022-01-17,2022-01-10
112050,AD09_Video_T4,inactive,7-day click or 1-day view,1.0,actions:offsite_conversion.fb_pixel_purchase,1069,1.100094,65.74,20,Daily,65.74,מתמשך,1176,55.901361,32.0,2.054375,2.721088,42,3.571429,1.565238,27.0,16.0,16.0,1.0,1.0,1.0,1.0,0.836629,0.836629,1.0,1.0,2022-01-13,2024-10-06,CONVERSIONS,0,ABSOLUTE_OCPM,2022-01-11,2022-01-17,2022-01-05
112082,AD09_Video_T4,inactive,7-day click or 1-day view,1.0,actions:offsite_conversion.fb_pixel_purchase,1019,1.10893,47.45,20,Daily,47.45,מתמשך,1130,41.99115,27.0,1.757407,2.389381,38,3.362832,1.248684,26.0,1.0,1.0,1.0,1.0,1.0,1.0,1.159115,1.159115,1.0,1.0,2022-01-13,2024-10-06,CONVERSIONS,0,ABSOLUTE_OCPM,2022-01-11,2022-01-17,2022-01-05
112108,AD07_Video_T4,inactive,7-day click or 1-day view,3.0,actions:offsite_conversion.fb_pixel_purchase,2061,1.189714,39.60666667,20,Daily,118.82,מתמשך,2452,48.458401,84.0,1.414524,3.425775,114,4.649266,1.042281,69.0,83.0,83.0,2.0,2.0,1.0,1.0,0.462885,0.462885,3.0,3.0,2022-01-05,2024-10-07,CONVERSIONS,0,ABSOLUTE_OCPM,2022-01-11,2022-01-17,2022-01-05
112114,AD09_Video_T4,inactive,7-day click or 1-day view,1.0,actions:offsite_conversion.fb_pixel_purchase,1845,1.098645,106.71,20,Daily,106.71,מתמשך,2027,52.644302,66.0,1.616818,3.256043,88,4.341391,1.212614,57.0,23.0,23.0,2.0,2.0,1.0,1.0,1.218255,1.218255,1.0,1.0,2022-01-13,2024-10-06,CONVERSIONS,0,ABSOLUTE_OCPM,2022-01-11,2022-01-17,2022-01-05
112139,AD06_IMG_T4_Yellow,inactive,7-day click or 1-day view,2.0,actions:offsite_conversion.fb_pixel_purchase,516,1.118217,8.45,20,Daily,16.9,מתמשך,577,29.289428,14.0,1.207143,2.426343,16,2.772964,1.05625,7.0,10.0,10.0,1.0,1.0,,,,,2.0,2.0,2022-01-05,2024-10-07,CONVERSIONS,0,ABSOLUTE_OCPM,2022-01-11,2022-01-17,2022-01-05
112145,AD09_Video_T4,inactive,7-day click or 1-day view,2.0,actions:offsite_conversion.fb_pixel_purchase,1506,1.123506,27.99,20,Daily,55.98,מתמשך,1692,33.085106,41.0,1.365366,2.423168,57,3.368794,0.982105,36.0,34.0,34.0,3.0,3.0,2.0,2.0,3.251161,3.251161,2.0,2.0,2022-01-13,2024-10-06,CONVERSIONS,0,ABSOLUTE_OCPM,2022-01-11,2022-01-17,2022-01-05
112207,AD09_Video_T4,inactive,7-day click or 1-day view,1.0,actions:offsite_conversion.fb_pixel_purchase,472,1.076271,19.16,20,Daily,19.16,מתמשך,508,37.716535,11.0,1.741818,2.165354,14,2.755906,1.368571,10.0,8.0,8.0,1.0,1.0,1.0,1.0,5.167015,5.167015,1.0,1.0,2022-01-13,2024-10-06,CONVERSIONS,0,ABSOLUTE_OCPM,2022-01-11,2022-01-17,2022-01-13
112239,AD09_Video_T4,inactive,7-day click,2.0,actions:offsite_conversion.fb_pixel_purchase,2121,1.124941,22.955,10,Daily,45.91,מתמשך,2386,19.241408,52.0,0.882885,2.17938,74,3.101425,0.620405,24.0,23.0,23.0,5.0,5.0,3.0,3.0,3.68765,3.68765,2.0,2.0,2022-01-13,2024-10-06,CONVERSIONS,0,ABSOLUTE_OCPM,2022-01-11,2022-01-17,2022-01-13
112269,AD09_Video_T4,inactive,7-day click or 1-day view,1.0,actions:offsite_conversion.fb_pixel_purchase,1355,1.108487,60.17,20,Daily,60.17,מתמשך,1502,40.05992,49.0,1.227959,3.262317,63,4.194407,0.955079,38.0,17.0,17.0,1.0,1.0,1.0,1.0,0.914077,0.914077,1.0,1.0,2022-01-13,2024-10-06,CONVERSIONS,0,ABSOLUTE_OCPM,2022-01-11,2022-01-17,2022-01-13
112333,New Traffic Ad,inactive,7-day click or 1-day view,1.0,actions:link_click,30,1.033333,0.47,35,Lifetime,0.47,2022-01-24,31,15.16129,1.0,0.47,3.225806,1,3.225806,0.47,1.0,,,,,,,,,,,2022-01-17,2024-10-06,Traffic,0,ABSOLUTE_OCPM,2022-01-11,2022-01-17,2022-01-17
112362,AD09_Video_T4,inactive,7-day click,2.0,actions:offsite_conversion.fb_pixel_purchase,193,1.46114,10.855,20,Daily,21.71,מתמשך,282,76.985816,18.0,1.206111,6.382979,28,9.929078,0.775357,18.0,35.0,35.0,1.0,1.0,1.0,1.0,16.766467,16.766467,2.0,2.0,2022-01-13,2024-10-06,CONVERSIONS,0,ABSOLUTE_OCPM,2022-01-11,2022-01-17,2022-01-13
112391,AD04_IMG_T2_Yellow,inactive,7-day click,1.0,actions:offsite_conversion.fb_pixel_purchase,203,1.64532,13.72,20,Daily,13.72,מתמשך,334,41.077844,10.0,1.372,2.994012,12,3.592814,1.143333,9.0,1.0,1.0,1.0,1.0,1.0,1.0,9.25656,9.25656,1.0,1.0,2022-01-13,2024-10-06,CONVERSIONS,0,ABSOLUTE_OCPM,2022-01-11,2022-01-17,2022-01-13
112453,AD04_IMG_T2_Yellow,inactive,7-day click or 1-day view,1.0,actions:offsite_conversion.fb_pixel_purchase,2364,1.327411,26.22,20,Daily,26.22,מתמשך,3138,8.355641,21.0,1.248571,0.669216,24,0.764818,1.0925,20.0,24.0,24.0,1.0,1.0,1.0,1.0,2.097635,2.097635,1.0,1.0,2022-01-13,2024-10-06,CONVERSIONS,0,ABSOLUTE_OCPM,2022-01-11,2022-01-17,2022-01-13
112482,AD04_IMG_T2_Yellow,inactive,7-day click or 1-day view,1.0,actions:offsite_conversion.fb_pixel_purchase,3277,1.390601,54.33,20,Daily,54.33,מתמשך,4557,11.922317,45.0,1.207333,0.987492,59,1.294711,0.920847,29.0,23.0,23.0,1.0,1.0,1.0,1.0,5.687465,5.687465,1.0,1.0,2022-01-05,2024-10-06,CONVERSIONS,0,ABSOLUTE_OCPM,2022-01-11,2022-01-17,2022-01-05
112487,AD01,inactive,7-day click,1.0,actions:offsite_conversion.fb_pixel_purchase,331,2.404834,29.63,Using campaign budget,0,29.63,מתמשך,796,37.223618,24.0,1.234583,3.015075,34,4.271357,0.871471,13.0,32.0,32.0,2.0,2.0,1.0,1.0,1.856227,1.856227,1.0,1.0,2022-01-13,2024-10-06,Catalog Sales,0,ABSOLUTE_OCPM,2022-01-11,2022-01-17,2022-01-13
112515,AD07_Video_T4,inactive,7-day click or 1-day view,1.0,actions:offsite_conversion.fb_pixel_purchase,1417,1.157375,84.19,20,Daily,84.19,מתמשך,1640,51.335366,72.0,1.169306,4.390244,81,4.939024,1.039383,65.0,39.0,39.0,1.0,1.0,1.0,1.0,1.306568,1.306568,1.0,1.0,2022-01-13,2024-10-06,CONVERSIONS,0,ABSOLUTE_OCPM,2022-01-11,2022-01-17,2022-01-13
112543,AD01_IMG_T2_Black,inactive,7-day click or 1-day view,1.0,actions:offsite_conversion.fb_pixel_purchase,1217,1.146261,26.41,5,Daily,26.41,מתמשך,1395,18.9319,22.0,1.200455,1.577061,28,2.007168,0.943214,20.0,77.0,77.0,1.0,1.0,1.0,1.0,2.090117,2.090117,1.0,1.0,2022-01-05,2024-10-07,CONVERSIONS,0,ABSOLUTE_OCPM,2022-01-04,2022-01-10,2022-01-05
112735,AD07_Video_T4,inactive,7-day click or 1-day view,1.0,actions:offsite_conversion.fb_pixel_purchase,1870,1.26738,75.6,20,Daily,75.6,מתמשך,2370,31.898734,56.0,1.35,2.362869,84,3.544304,0.9,41.0,14.0,14.0,1.0,1.0,1.0,1.0,2.412698,2.412698,1.0,1.0,2022-01-05,2022-01-22,CONVERSIONS,0,ABSOLUTE_OCPM,2022-01-04,2022-01-10,2022-01-05
112767,AD06_IMG_T4_Yellow,inactive,7-day click or 1-day view,4.0,actions:offsite_conversion.fb_pixel_purchase,5380,1.169145,30.87,20,Daily,123.48,מתמשך,6290,19.631161,109.0,1.132844,1.732909,143,2.27345,0.863497,91.0,46.0,46.0,4.0,4.0,4.0,4.0,5.545837,5.545837,4.0,4.0,2022-01-05,2024-10-07,CONVERSIONS,0,ABSOLUTE_OCPM,2022-01-04,2022-01-10,2022-01-05
112768,AD07_Video_T4,inactive,7-day click or 1-day view,2.0,actions:offsite_conversion.fb_pixel_purchase,1925,1.261818,28.085,20,Daily,56.17,מתמשך,2429,23.124743,78.0,0.720128,3.211198,120,4.940305,0.468083,46.0,12.0,12.0,2.0,2.0,2.0,2.0,5.511839,5.511839,2.0,2.0,2022-01-05,2024-10-07,CONVERSIONS,0,ABSOLUTE_OCPM,2022-01-04,2022-01-10,2022-01-05
112831,AD01_IMG_T2_Black,inactive,7-day click or 1-day view,1.0,actions:offsite_conversion.fb_pixel_purchase,1941,1.19423,32.52,20,Daily,32.52,מתמשך,2318,14.029336,30.0,1.084,1.294219,35,1.509922,0.929143,22.0,17.0,17.0,1.0,1.0,1.0,1.0,1.697417,1.697417,1.0,1.0,2022-01-05,2024-10-06,CONVERSIONS,0,ABSOLUTE_OCPM,2022-01-04,2022-01-10,2022-01-05
112896,AD07_Video_T4,inactive,7-day click or 1-day view,1.0,actions:offsite_conversion.fb_pixel_purchase,777,1.16731,29.13,5,Daily,29.13,מתמשך,907,32.116869,32.0,0.910313,3.528115,43,4.740904,0.677442,19.0,38.0,38.0,2.0,2.0,1.0,1.0,1.894954,1.894954,1.0,1.0,2022-01-05,2024-10-07,CONVERSIONS,0,ABSOLUTE_OCPM,2022-01-04,2022-01-10,2022-01-05
112926,AD06_IMG_T4_Yellow,inactive,7-day click or 1-day view,1.0,actions:offsite_conversion.fb_pixel_purchase,1629,1.248619,50.65,20,Daily,50.65,מתמשך,2034,24.901672,31.0,1.633871,1.52409,38,1.86824,1.332895,24.0,7.0,7.0,1.0,1.0,1.0,1.0,1.287266,1.287266,1.0,1.0,2022-01-05,2024-10-07,CONVERSIONS,0,ABSOLUTE_OCPM,2022-01-04,2022-01-10,2022-01-05
113144,AD07_Video_T4,inactive,7-day click or 1-day view,1.0,actions:offsite_conversion.fb_pixel_purchase,596,1.228188,20.18,20,Daily,20.18,מתמשך,732,27.568306,26.0,0.776154,3.551913,37,5.054645,0.545405,17.0,7.0,7.0,1.0,1.0,1.0,1.0,6.303271,6.303271,1.0,1.0,2022-01-05,2022-01-18,CONVERSIONS,0,ABSOLUTE_OCPM,2022-01-04,2022-01-10,2022-01-05
113175,AD01_IMG_T2_Black,inactive,7-day click or 1-day view,1.0,actions:offsite_conversion.fb_pixel_purchase,2975,1.13042,48.66,20,Daily,48.66,מתמשך,3363,14.469224,32.0,1.520625,0.951531,42,1.248885,1.158571,24.0,23.0,23.0,1.0,1.0,1.0,1.0,2.614057,2.614057,1.0,1.0,2022-01-05,2024-10-06,CONVERSIONS,0,ABSOLUTE_OCPM,2022-01-04,2022-01-10,2022-01-05
113237,AD06_IMG_T4_Yellow,inactive,7-day click or 1-day view,2.0,actions:offsite_conversion.fb_pixel_purchase,8283,1.24001,42.305,20,Daily,84.61,מתמשך,10271,8.237757,107.0,0.790748,1.041768,158,1.538312,0.535506,86.0,42.0,42.0,3.0,3.0,2.0,2.0,6.268763,6.268763,2.0,2.0,2022-01-05,2024-10-07,CONVERSIONS,0,ABSOLUTE_OCPM,2022-01-04,2022-01-10,2022-01-05
114116,Mini Holiday NEW 3,inactive,7-day click or 1-day view,1.0,actions:offsite_conversion.fb_pixel_purchase,124,1.459677,8.83,Using campaign budget,0,8.83,מתמשך,181,48.78453,6.0,1.471667,3.314917,7,3.867403,1.261429,4.0,10.0,10.0,1.0,1.0,1.0,1.0,13.98641,13.98641,1.0,1.0,2021-12-16,2024-10-07,CONVERSIONS,0,ABSOLUTE_OCPM,2021-12-21,2021-12-27,2021-12-16
114148,Mini Holiday NEW 2,inactive,7-day click or 1-day view,1.0,actions:offsite_conversion.fb_pixel_purchase,172,1.406977,12.81,Using campaign budget,0,12.81,מתמשך,242,52.933884,2.0,6.405,0.826446,2,0.826446,6.405,2.0,8.0,8.0,,,,,4.039813,4.039813,1.0,1.0,2021-12-16,2024-10-07,CONVERSIONS,0,ABSOLUTE_OCPM,2021-12-21,2021-12-27,2021-12-16
114180,Mini Holiday NEW 1,inactive,7-day click or 1-day view,1.0,actions:offsite_conversion.fb_pixel_purchase,483,1.585921,36.8,Using campaign budget,0,36.8,מתמשך,766,48.041775,15.0,2.453333,1.958225,22,2.872063,1.672727,12.0,14.0,14.0,4.0,4.0,2.0,2.0,1.40625,1.40625,1.0,1.0,2021-12-16,2024-10-07,CONVERSIONS,0,ABSOLUTE_OCPM,2021-12-21,2021-12-27,2021-12-16
114276,Mini Holiday 1,inactive,7-day click or 1-day view,2.0,actions:offsite_conversion.fb_pixel_purchase,1697,2.484973,75.215,Using campaign budget,0,150.43,מתמשך,4217,35.672279,32.0,4.700938,0.758833,44,1.043396,3.418864,28.0,66.0,66.0,3.0,3.0,2.0,2.0,1.136741,1.136741,2.0,2.0,2021-12-02,2024-10-07,CONVERSIONS,0,ABSOLUTE_OCPM,2021-12-21,2021-12-27,2021-12-02
114308,Mini Holiday 3,inactive,7-day click or 1-day view,2.0,actions:offsite_conversion.fb_pixel_purchase,498,1.634538,18.78,Using campaign budget,0,37.56,מתמשך,814,46.142506,12.0,3.13,1.474201,15,1.842752,2.504,8.0,6.0,6.0,2.0,2.0,2.0,2.0,2.755591,2.755591,2.0,2.0,2021-12-02,2024-10-07,CONVERSIONS,0,ABSOLUTE_OCPM,2021-12-21,2021-12-27,2021-12-02
114748,Mini Holiday NEW 1,inactive,7-day click or 1-day view,1.0,actions:offsite_conversion.fb_pixel_purchase,1862,1.274973,60.23,Using campaign budget,0,60.23,מתמשך,2374,25.370682,47.0,1.281489,1.979781,62,2.611626,0.971452,38.0,22.0,22.0,1.0,1.0,1.0,1.0,0.816205,0.816205,1.0,1.0,2021-12-16,2024-10-07,CONVERSIONS,0,ABSOLUTE_OCPM,2021-12-21,2021-12-27,2021-12-16
114935,Mini Holiday NEW 2,inactive,7-day click or 1-day view,4.0,actions:offsite_conversion.fb_pixel_purchase,403,2.451613,11.765,Using campaign budget,0,47.06,מתמשך,988,47.631579,23.0,2.046087,2.327935,31,3.137652,1.518065,18.0,27.0,27.0,6.0,6.0,3.0,3.0,4.733319,4.733319,4.0,4.0,2021-12-16,2024-10-07,CONVERSIONS,0,ABSOLUTE_OCPM,2021-12-14,2021-12-20,2021-12-16
114999,MINI Aboutus Holiday,inactive,7-day click or 1-day view,1.0,actions:offsite_conversion.fb_pixel_purchase,7418,1.067269,351.48,220,Daily,351.48,מתמשך,7917,44.395604,238.0,1.476807,3.006189,383,4.837691,0.917702,189.0,114.0,114.0,2.0,2.0,1.0,1.0,0.147235,0.147235,1.0,1.0,2021-12-15,2024-10-07,CONVERSIONS,0,ABSOLUTE_OCPM,2021-12-14,2021-12-20,2021-11-01
115031,MINI Aboutus v3 t4 BF,inactive,7-day click or 1-day view,2.0,actions:offsite_conversion.fb_pixel_purchase,0,0.0,0.0,2200,Lifetime,0.0,2021-12-31,0,0.0,,,,0,0.0,0.0,,9.0,9.0,,,,,,,2.0,2.0,2021-12-11,2021-12-15,CONVERSIONS,0,ABSOLUTE_OCPM,2021-12-14,2021-12-20,2021-12-11
115063,Mini Holiday 1,inactive,7-day click or 1-day view,1.0,actions:offsite_conversion.fb_pixel_purchase,767,1.795306,56.52,Using campaign budget,0,56.52,מתמשך,1377,41.045752,16.0,3.5325,1.161946,20,1.452433,2.826,10.0,14.0,14.0,3.0,3.0,1.0,1.0,1.043878,1.043878,1.0,1.0,2021-12-02,2024-10-07,CONVERSIONS,0,ABSOLUTE_OCPM,2021-12-14,2021-12-20,2021-12-02
115223,Mini Holiday 3,inactive,7-day click or 1-day view,2.0,actions:offsite_conversion.fb_pixel_purchase,529,1.298677,8.61,Using campaign budget,0,17.22,מתמשך,687,25.065502,7.0,2.46,1.018923,11,1.601164,1.565455,5.0,1.0,1.0,,,,,,,2.0,2.0,2021-12-02,2024-10-07,CONVERSIONS,0,ABSOLUTE_OCPM,2021-12-14,2021-12-20,2021-12-02
115286,Mini Holiday 1,inactive,7-day click or 1-day view,2.0,actions:offsite_conversion.fb_pixel_purchase,270,1.4,5.25,Using campaign budget,0,10.5,מתמשך,378,27.777778,5.0,2.1,1.322751,8,2.116402,1.3125,4.0,3.0,3.0,,,,,,,2.0,2.0,2021-12-02,2024-10-07,CONVERSIONS,0,ABSOLUTE_OCPM,2021-12-14,2021-12-20,2021-12-02
115380,New Post engagement Ad,inactive,7-day click or 1-day view,1321.0,actions:post_engagement,2116,1.006616,0.00757002,10,Lifetime,10.0,2021-12-20,2130,4.694836,,,,5,0.234742,2.0,,,,,,,,,,,,2021-12-16,2024-10-07,Engagement,0,ABSOLUTE_OCPM,2021-12-14,2021-12-20,2021-12-16
115411,New Post engagement Ad,inactive,7-day click or 1-day view,1317.0,actions:post_engagement,2128,1.007519,0.00759301,10,Lifetime,10.0,2021-12-20,2144,4.664179,,,,11,0.51306,0.909091,,,,,,,,,,,,2021-12-16,2024-10-07,Engagement,0,ABSOLUTE_OCPM,2021-12-14,2021-12-20,2021-12-16
115442,New Post engagement Ad,inactive,7-day click or 1-day view,80.0,actions:post_engagement,961,1.146722,0.125,10,Lifetime,10.0,2021-12-20,1102,9.07441,,,,1,0.090744,10.0,,,,,,,,,,,,2021-12-16,2024-10-07,Engagement,0,ABSOLUTE_OCPM,2021-12-14,2021-12-20,2021-12-16
115473,New Post engagement Ad,inactive,7-day click or 1-day view,102.0,actions:post_engagement,1266,1.123223,0.09803922,10,Lifetime,10.0,2021-12-20,1422,7.032349,,,,6,0.421941,1.666667,,,,,,,,,,,,2021-12-16,2024-10-07,Engagement,0,ABSOLUTE_OCPM,2021-12-14,2021-12-20,2021-12-16
115504,Mini Holiday NEW 2,inactive,7-day click or 1-day view,1.0,actions:offsite_conversion.fb_pixel_purchase,548,1.888686,21.5,Using campaign budget,0,21.5,מתמשך,1035,20.772947,19.0,1.131579,1.835749,28,2.705314,0.767857,15.0,8.0,8.0,1.0,1.0,1.0,1.0,2.406977,2.406977,1.0,1.0,2021-12-16,2024-10-07,CONVERSIONS,0,ABSOLUTE_OCPM,2021-12-14,2021-12-20,2021-12-16
115566,Mini Holiday NEW 4,inactive,7-day click or 1-day view,2.0,actions:offsite_conversion.fb_pixel_purchase,328,1.902439,7.32,Using campaign budget,0,14.64,מתמשך,624,23.461538,9.0,1.626667,1.442308,16,2.564103,0.915,7.0,4.0,4.0,2.0,2.0,2.0,2.0,12.363388,12.363388,2.0,2.0,2021-12-16,2024-10-07,CONVERSIONS,0,ABSOLUTE_OCPM,2021-12-14,2021-12-20,2021-12-16
115659,MINI Aboutus Holiday,inactive,7-day click or 1-day view,4.0,actions:offsite_conversion.fb_pixel_purchase,26192,1.080024,221.6025,2200,Lifetime,886.41,2021-12-31,28288,31.335195,604.0,1.467566,2.135181,1046,3.697681,0.847428,519.0,159.0,159.0,7.0,7.0,5.0,5.0,0.43076,0.43076,4.0,4.0,2021-12-15,2024-10-07,CONVERSIONS,0,ABSOLUTE_OCPM,2021-12-14,2021-12-20,2021-12-11
115818,MINI Aboutus v3 t4 BF,inactive,7-day click or 1-day view,7.0,actions:offsite_conversion.fb_pixel_purchase,8070,1.045601,58.42,2200,Lifetime,408.94,2021-12-31,8438,48.464091,288.0,1.419931,3.413131,483,5.724105,0.846667,235.0,111.0,111.0,4.0,4.0,3.0,3.0,0.383919,0.383919,7.0,7.0,2021-12-11,2021-12-15,CONVERSIONS,0,ABSOLUTE_OCPM,2021-12-07,2021-12-13,2021-12-11
115850,Mini Holiday 1,inactive,7-day click or 1-day view,3.0,actions:offsite_conversion.fb_pixel_purchase,1788,3.409396,86.95333333,Using campaign budget,0,260.86,מתמשך,6096,42.791995,71.0,3.674085,1.164698,95,1.558399,2.745895,60.0,93.0,93.0,1.0,1.0,3.0,3.0,1.150234,1.150234,3.0,3.0,2021-12-02,2024-10-07,CONVERSIONS,0,ABSOLUTE_OCPM,2021-12-07,2021-12-13,2021-12-02
115914,Mini Holiday 4,inactive,7-day click or 1-day view,1.0,actions:offsite_conversion.fb_pixel_purchase,376,2.369681,32.45,Using campaign budget,0,32.45,מתמשך,891,36.419753,3.0,10.816667,0.3367,6,0.673401,5.408333,3.0,2.0,2.0,1.0,1.0,1.0,1.0,1.818182,1.818182,1.0,1.0,2021-12-02,2024-10-07,CONVERSIONS,0,ABSOLUTE_OCPM,2021-12-07,2021-12-13,2021-12-02
115946,Mini Holiday 2,inactive,7-day click or 1-day view,1.0,actions:offsite_conversion.fb_pixel_purchase,601,3.349418,88.37,Using campaign budget,0,88.37,מתמשך,2013,43.899652,22.0,4.016818,1.092896,30,1.490313,2.945667,16.0,23.0,23.0,,,1.0,1.0,1.346611,1.346611,1.0,1.0,2021-12-02,2024-10-07,CONVERSIONS,0,ABSOLUTE_OCPM,2021-12-07,2021-12-13,2021-12-02
115978,Mini Holiday 4,inactive,7-day click or 1-day view,1.0,actions:offsite_conversion.fb_pixel_purchase,458,1.930131,19.08,Using campaign budget,0,19.08,מתמשך,884,21.58371,7.0,2.725714,0.791855,7,0.791855,2.725714,5.0,12.0,12.0,1.0,1.0,1.0,1.0,2.568134,2.568134,1.0,1.0,2021-12-02,2024-10-07,CONVERSIONS,0,ABSOLUTE_OCPM,2021-12-07,2021-12-13,2021-12-02
116073,Mini Holiday 1,inactive,7-day click or 1-day view,2.0,actions:offsite_conversion.fb_pixel_purchase,1516,1.742084,36.875,Using campaign budget,0,73.75,מתמשך,2641,27.925028,40.0,1.84375,1.514578,60,2.271867,1.229167,36.0,47.0,47.0,,,,,,,2.0,2.0,2021-12-02,2024-10-07,CONVERSIONS,0,ABSOLUTE_OCPM,2021-12-07,2021-12-13,2021-12-02
116445,MINI Aboutus v3 t4 BF,inactive,7-day click or 1-day view,2.0,actions:offsite_conversion.fb_pixel_purchase,14512,1.089926,273.91,220,Daily,547.82,מתמשך,15817,34.634887,394.0,1.390406,2.490991,587,3.711197,0.933254,319.0,247.0,247.0,2.0,2.0,3.0,3.0,0.142383,0.142383,2.0,2.0,2021-10-31,2021-12-15,CONVERSIONS,0,ABSOLUTE_OCPM,2021-12-07,2021-12-13,2021-11-01
116637,Mini Holiday 1,inactive,7-day click or 1-day view,2.0,actions:offsite_conversion.fb_pixel_purchase,861,2.795587,75.475,Using campaign budget,0,150.95,מתמשך,2407,62.712921,37.0,4.07973,1.537183,56,2.326548,2.695536,37.0,48.0,48.0,2.0,2.0,3.0,3.0,1.112951,1.112951,2.0,2.0,2021-12-02,2024-10-07,CONVERSIONS,0,ABSOLUTE_OCPM,2021-11-30,2021-12-06,2021-12-02
116669,Mini Holiday 3,inactive,7-day click or 1-day view,1.0,actions:offsite_conversion.fb_pixel_purchase,689,2.751814,117.98,Using campaign budget,0,117.98,מתמשך,1896,62.225738,30.0,3.932667,1.582278,43,2.267932,2.743721,25.0,23.0,23.0,1.0,1.0,1.0,1.0,0.789117,0.789117,1.0,1.0,2021-12-02,2024-10-07,CONVERSIONS,0,ABSOLUTE_OCPM,2021-11-30,2021-12-06,2021-12-02
116891,Petite treeoflife BF,inactive,7-day click or 1-day view,1.0,actions:offsite_conversion.fb_pixel_purchase,0,0.0,0.0,150,Daily,0.0,מתמשך,0,0.0,,,,0,0.0,0.0,,29.0,29.0,1.0,1.0,1.0,1.0,,,1.0,1.0,2021-11-18,2024-10-07,CONVERSIONS,0,ABSOLUTE_OCPM,2021-11-30,2021-12-06,2021-11-18
117015,Mini BF 2021 mini2b,inactive,7-day click or 1-day view,4.0,actions:offsite_conversion.fb_pixel_purchase,3280,1.626524,49.395,Using campaign budget,0,197.58,מתמשך,5335,37.034677,96.0,2.058125,1.799438,123,2.30553,1.606341,91.0,104.0,104.0,3.0,3.0,2.0,2.0,2.924132,2.924132,4.0,4.0,2021-11-12,2024-10-07,CONVERSIONS,0,ABSOLUTE_OCPM,2021-11-30,2021-12-06,2021-11-12
117077,Mini BF 2021 mini1,inactive,7-day click or 1-day view,1.0,actions:offsite_conversion.fb_pixel_purchase,269,1.572491,17.76,Using campaign budget,0,17.76,מתמשך,423,41.985816,5.0,3.552,1.182033,6,1.41844,2.96,5.0,5.0,5.0,,,1.0,1.0,,,1.0,1.0,2021-11-12,2024-10-07,CONVERSIONS,0,ABSOLUTE_OCPM,2021-11-30,2021-12-06,2021-11-12
117108,Mini BF 2021 mini2b,inactive,7-day click or 1-day view,2.0,actions:offsite_conversion.fb_pixel_purchase,469,1.985075,23.225,Using campaign budget,0,46.45,מתמשך,931,49.892589,14.0,3.317857,1.503759,17,1.825994,2.732353,15.0,11.0,11.0,,,,,,,2.0,2.0,2021-11-12,2024-10-07,CONVERSIONS,0,ABSOLUTE_OCPM,2021-11-30,2021-12-06,2021-11-12
117139,Mini BF 2021 mini2,inactive,7-day click or 1-day view,1.0,actions:offsite_conversion.fb_pixel_purchase,130,1.953846,9.21,Using campaign budget,0,9.21,מתמשך,254,36.259843,,,,2,0.787402,4.605,,2.0,2.0,1.0,1.0,1.0,1.0,15.162866,15.162866,1.0,1.0,2021-11-12,2024-10-07,CONVERSIONS,0,ABSOLUTE_OCPM,2021-11-30,2021-12-06,2021-11-12
117232,MINI Aboutus v3 t4 BF,inactive,7-day click or 1-day view,17.0,actions:offsite_conversion.fb_pixel_purchase,35298,1.217009,90.51705882,220,Daily,1538.79,מתמשך,42958,35.820802,973.0,1.58149,2.265003,1556,3.622143,0.98894,791.0,506.0,506.0,25.0,25.0,15.0,15.0,1.074741,1.074741,17.0,17.0,2021-10-31,2021-12-15,CONVERSIONS,0,ABSOLUTE_OCPM,2021-11-30,2021-12-06,2021-11-01
117678,Petite treeoflife BF,inactive,7-day click or 1-day view,6.0,actions:offsite_conversion.fb_pixel_purchase,16207,1.626458,235.39666667,150,Daily,1412.38,מתמשך,26360,53.580425,90.0,15.693111,0.341426,839,3.182853,1.683409,69.0,155.0,155.0,6.0,6.0,4.0,4.0,0.291706,0.291706,6.0,6.0,2021-11-18,2024-10-07,CONVERSIONS,0,ABSOLUTE_OCPM,2021-11-23,2021-11-29,2021-11-18
117740,Classique BF1,inactive,7-day click or 1-day view,2.0,actions:offsite_conversion.fb_pixel_purchase,574,4.085366,105.925,60,Daily,211.85,מתמשך,2345,90.341151,30.0,7.061667,1.279318,34,1.449893,6.230882,25.0,31.0,31.0,2.0,2.0,2.0,2.0,0.723389,0.723389,2.0,2.0,2021-11-17,2024-10-07,CONVERSIONS,0,ABSOLUTE_OCPM,2021-11-23,2021-11-29,2021-11-17
117802,Mini BF 2021 mini2b,inactive,7-day click or 1-day view,18.0,actions:offsite_conversion.fb_pixel_purchase,6535,1.93925,28.39555556,Using campaign budget,0,511.12,מתמשך,12673,40.331413,291.0,1.756426,2.29622,368,2.903811,1.388913,286.0,209.0,209.0,8.0,8.0,9.0,9.0,2.241646,2.241646,18.0,18.0,2021-11-12,2024-10-07,CONVERSIONS,0,ABSOLUTE_OCPM,2021-11-23,2021-11-29,2021-11-12
117864,Mini BF 2021 mini1,inactive,7-day click or 1-day view,2.0,actions:offsite_conversion.fb_pixel_purchase,878,1.953303,28.48,Using campaign budget,0,56.96,מתמשך,1715,33.212828,15.0,3.797333,0.874636,29,1.690962,1.964138,13.0,25.0,25.0,2.0,2.0,2.0,2.0,7.496489,7.496489,2.0,2.0,2021-11-12,2024-10-07,CONVERSIONS,0,ABSOLUTE_OCPM,2021-11-23,2021-11-29,2021-11-12
117895,Mini BF 2021 mini2b,inactive,7-day click or 1-day view,1.0,actions:offsite_conversion.fb_pixel_purchase,832,2.616587,102.48,Using campaign budget,0,102.48,מתמשך,2177,47.073955,33.0,3.105455,1.515848,36,1.653652,2.846667,30.0,34.0,34.0,1.0,1.0,1.0,1.0,0.575722,0.575722,1.0,1.0,2021-11-12,2024-10-07,CONVERSIONS,0,ABSOLUTE_OCPM,2021-11-23,2021-11-29,2021-11-12
118019,MINI Aboutus v3 t4 BF,inactive,7-day click or 1-day view,6.0,actions:offsite_conversion.fb_pixel_purchase,11880,1.090572,91.46833333,220,Daily,548.81,מתמשך,12956,42.359525,334.0,1.643144,2.577956,575,4.438098,0.954452,271.0,146.0,146.0,5.0,5.0,3.0,3.0,0.579071,0.579071,6.0,6.0,2021-10-31,2021-12-15,CONVERSIONS,0,ABSOLUTE_OCPM,2021-11-23,2021-11-29,2021-11-01
118465,Petite treeoflife BF,inactive,7-day click or 1-day view,4.0,actions:offsite_conversion.fb_pixel_purchase,8793,1.428978,240.7325,150,Daily,962.93,מתמשך,12565,76.635893,96.0,10.030521,0.764027,351,2.793474,2.74339,94.0,98.0,98.0,5.0,5.0,4.0,4.0,0.427643,0.427643,4.0,4.0,2021-11-18,2024-10-07,CONVERSIONS,0,ABSOLUTE_OCPM,2021-11-16,2021-11-22,2021-11-18
118527,Classique BF1,inactive,7-day click or 1-day view,3.0,actions:offsite_conversion.fb_pixel_purchase,439,3.954442,52.73333333,60,Daily,158.2,מתמשך,1736,91.129032,59.0,2.681356,3.398618,74,4.262673,2.137838,54.0,39.0,39.0,2.0,2.0,2.0,2.0,2.827118,2.827118,3.0,3.0,2021-11-17,2024-10-07,CONVERSIONS,0,ABSOLUTE_OCPM,2021-11-16,2021-11-22,2021-11-17
118589,Mini BF 2021 mini2b,inactive,7-day click or 1-day view,7.0,actions:offsite_conversion.fb_pixel_purchase,4122,2.081271,44.46,Using campaign budget,0,311.22,מתמשך,8579,36.276955,242.0,1.286033,2.820842,300,3.496911,1.0374,256.0,204.0,204.0,5.0,5.0,6.0,6.0,1.755318,1.755318,7.0,7.0,2021-11-12,2024-10-07,CONVERSIONS,0,ABSOLUTE_OCPM,2021-11-16,2021-11-22,2021-11-12
118620,Mini BF 2021 mini2,inactive,7-day click or 1-day view,3.0,actions:offsite_conversion.fb_pixel_purchase,1165,2.006867,21.8,Using campaign budget,0,65.4,מתמשך,2338,27.972626,29.0,2.255172,1.240376,44,1.88195,1.486364,21.0,50.0,50.0,3.0,3.0,3.0,3.0,9.277523,9.277523,3.0,3.0,2021-11-12,2024-10-07,CONVERSIONS,0,ABSOLUTE_OCPM,2021-11-16,2021-11-22,2021-11-12
118651,Mini BF 2021 mini1,inactive,7-day click or 1-day view,2.0,actions:offsite_conversion.fb_pixel_purchase,557,2.170557,25.885,Using campaign budget,0,51.77,מתמשך,1209,42.820513,19.0,2.724737,1.571547,29,2.398677,1.785172,20.0,31.0,31.0,,,,,,,2.0,2.0,2021-11-12,2024-10-07,CONVERSIONS,0,ABSOLUTE_OCPM,2021-11-16,2021-11-22,2021-11-12
118713,Mini BF 2021 mini2,inactive,7-day click or 1-day view,1.0,actions:offsite_conversion.fb_pixel_purchase,569,3.29877,58.74,Using campaign budget,0,58.74,מתמשך,1877,31.294619,24.0,2.4475,1.278636,27,1.438466,2.175556,21.0,42.0,42.0,1.0,1.0,1.0,1.0,2.502554,2.502554,1.0,1.0,2021-11-12,2024-10-07,CONVERSIONS,0,ABSOLUTE_OCPM,2021-11-16,2021-11-22,2021-11-12
118775,Petite treeoflife BF,inactive,7-day click or 1-day view,3.0,actions:offsite_conversion.fb_pixel_purchase,1862,1.599893,64.51,100,Daily,193.53,מתמשך,2979,64.964753,21.0,9.215714,0.704935,66,2.215509,2.932273,18.0,193.0,193.0,3.0,3.0,2.0,2.0,1.551439,1.551439,3.0,3.0,2021-11-10,2024-10-07,CONVERSIONS,170,ABSOLUTE_OCPM,2021-11-16,2021-11-22,2021-11-10
118806,MINI Aboutus v3 t4 BF,inactive,7-day click or 1-day view,7.0,actions:offsite_conversion.fb_pixel_purchase,15295,1.120497,105.80857143,220,Daily,740.66,מתמשך,17138,43.217412,548.0,1.351569,3.197573,861,5.023923,0.860232,432.0,328.0,328.0,5.0,5.0,5.0,5.0,1.092269,1.092269,7.0,7.0,2021-10-31,2021-12-15,CONVERSIONS,0,ABSOLUTE_OCPM,2021-11-16,2021-11-22,2021-11-01
119376,Mini BF 2021 mini2b,inactive,7-day click or 1-day view,1.0,actions:offsite_conversion.fb_pixel_purchase,1165,1.691845,71.75,Using campaign budget,0,71.75,מתמשך,1971,36.402841,71.0,1.010563,3.602232,100,5.073567,0.7175,63.0,34.0,34.0,1.0,1.0,1.0,1.0,2.04878,2.04878,1.0,1.0,2021-11-12,2024-10-07,CONVERSIONS,0,ABSOLUTE_OCPM,2021-11-09,2021-11-15,2021-11-12
119407,Mini BF 2021 mini2,inactive,7-day click or 1-day view,1.0,actions:offsite_conversion.fb_pixel_purchase,181,1.508287,8.81,Using campaign budget,0,8.81,מתמשך,273,32.271062,7.0,1.258571,2.564103,11,4.029304,0.800909,3.0,1.0,1.0,1.0,1.0,1.0,1.0,5.561862,5.561862,1.0,1.0,2021-11-12,2024-10-07,CONVERSIONS,0,ABSOLUTE_OCPM,2021-11-09,2021-11-15,2021-11-12
119438,Mini BF 2021 mini1,inactive,7-day click or 1-day view,2.0,actions:offsite_conversion.fb_pixel_purchase,849,1.453475,31.13,Using campaign budget,0,62.26,מתמשך,1234,50.453809,65.0,0.957846,5.267423,91,7.374392,0.684176,63.0,47.0,47.0,3.0,3.0,2.0,2.0,3.148089,3.148089,2.0,2.0,2021-11-12,2024-10-07,CONVERSIONS,0,ABSOLUTE_OCPM,2021-11-09,2021-11-15,2021-11-12
119562,Petite treeoflife BF,inactive,7-day click or 1-day view,4.0,actions:offsite_conversion.fb_pixel_purchase,6177,1.507042,102.2225,100,Daily,408.89,מתמשך,9309,43.924159,60.0,6.814833,0.644538,256,2.750027,1.597227,56.0,84.0,84.0,4.0,4.0,4.0,4.0,1.274793,1.274793,4.0,4.0,2021-11-10,2024-10-07,CONVERSIONS,170,ABSOLUTE_OCPM,2021-11-09,2021-11-15,2021-11-10
119593,MINI Aboutus v3 t4 BF,inactive,7-day click or 1-day view,16.0,actions:offsite_conversion.fb_pixel_purchase,23400,1.212137,60.02,220,Daily,960.32,מתמשך,28364,33.857002,868.0,1.106359,3.060217,1370,4.830066,0.700964,659.0,485.0,485.0,14.0,14.0,9.0,9.0,0.842428,0.842428,16.0,16.0,2021-10-31,2021-12-15,CONVERSIONS,0,ABSOLUTE_OCPM,2021-11-09,2021-11-15,2021-11-01
120380,MINI Aboutus v3 t4 BF,inactive,7-day click or 1-day view,18.0,actions:offsite_conversion.fb_pixel_purchase,27518,1.276219,67.23611111,220,Daily,1210.25,מתמשך,35119,34.461403,1283.0,0.943297,3.653293,2074,5.905635,0.583534,941.0,647.0,647.0,17.0,17.0,10.0,10.0,0.911382,0.911382,18.0,18.0,2021-10-31,2021-12-15,CONVERSIONS,0,ABSOLUTE_OCPM,2021-11-02,2021-11-08,2021-11-01
