impressions,date,social_source,shares,likes,comments
358.0,2024-11-03,facebook_post,0.0,5.0,0.0
1888.0,2024-10-07,facebook_post,2.0,52.0,3.0
1292.0,2024-09-30,facebook_post,2.0,65.0,7.0
447.0,2024-07-15,facebook_post,3.0,20.0,3.0
481.0,2024-06-06,facebook_post,0.0,7.0,2.0
1432.0,2024-05-02,facebook_post,0.0,23.0,1.0
869.0,2024-04-26,facebook_post,0.0,16.0,1.0
948.0,2024-04-17,facebook_post,3.0,21.0,2.0
818.0,2024-04-02,facebook_post,0.0,12.0,0.0
1817.0,2024-03-27,facebook_post,1.0,32.0,2.0
817.0,2024-03-21,facebook_post,1.0,3.0,0.0
2888.0,2024-03-19,facebook_post,13.0,83.0,7.0
1384.0,2024-03-14,facebook_post,4.0,21.0,0.0
2092.0,2024-03-07,facebook_post,5.0,62.0,2.0
2000.0,2024-02-28,facebook_post,5.0,36.0,0.0
2690.0,2024-02-21,facebook_post,3.0,76.0,3.0
1924.0,2024-02-14,facebook_post,0.0,49.0,2.0
1340.0,2024-01-31,facebook_post,0.0,25.0,6.0
1314.0,2024-01-24,facebook_post,1.0,25.0,0.0
1724.0,2024-01-17,facebook_post,3.0,59.0,3.0
923.0,2024-01-10,facebook_post,3.0,25.0,33.0
1662.0,2024-01-04,facebook_post,1.0,40.0,3.0
971.0,2023-11-22,facebook_post,0.0,25.0,4.0
530.0,2023-11-20,facebook_post,2.0,7.0,0.0
702.0,2023-11-02,facebook_post,2.0,11.0,0.0
1077.0,2023-10-25,facebook_post,2.0,12.0,0.0
1258.0,2023-10-10,facebook_post,1.0,112.0,19.0
576.0,2023-10-04,facebook_post,0.0,5.0,0.0
2673.0,2023-09-28,facebook_post,4.0,120.0,28.0
1122.0,2023-09-20,facebook_post,3.0,34.0,3.0
836.0,2023-09-14,facebook_post,0.0,7.0,0.0
727.0,2023-09-06,facebook_post,0.0,12.0,0.0
1067.0,2023-08-30,facebook_post,1.0,15.0,1.0
1268.0,2023-08-09,facebook_post,1.0,29.0,3.0
974.0,2023-08-02,facebook_post,1.0,14.0,0.0
1377.0,2023-07-27,facebook_post,2.0,49.0,2.0
862.0,2023-07-12,facebook_post,4.0,14.0,1.0
765.0,2023-07-06,facebook_post,0.0,20.0,1.0
900.0,2023-06-29,facebook_post,0.0,28.0,3.0
681.0,2023-06-23,facebook_post,1.0,8.0,0.0
1128.0,2023-06-18,facebook_post,0.0,38.0,0.0
1810.0,2023-06-07,facebook_post,1.0,89.0,8.0
1916.0,2023-05-31,facebook_post,7.0,83.0,16.0
872.0,2023-05-24,facebook_post,1.0,24.0,1.0
525.0,2023-05-09,facebook_post,0.0,4.0,1.0
534.0,2023-05-04,facebook_post,0.0,5.0,0.0
570.0,2023-04-28,facebook_post,0.0,6.0,0.0
823.0,2023-04-20,facebook_post,0.0,23.0,2.0
1027.0,2023-04-11,facebook_post,0.0,29.0,5.0
1267.0,2023-04-05,facebook_post,1.0,15.0,0.0
2843.0,2023-03-28,facebook_post,2.0,91.0,10.0
718.0,2023-03-21,facebook_post,0.0,17.0,0.0
1422.0,2023-03-02,facebook_post,1.0,65.0,6.0
2619.0,2023-02-28,facebook_post,4.0,59.0,8.0
1063.0,2023-02-14,facebook_post,3.0,24.0,1.0
887.0,2023-02-09,facebook_post,0.0,19.0,1.0
886.0,2023-01-31,facebook_post,0.0,18.0,2.0
1255.0,2023-01-26,facebook_post,1.0,37.0,2.0
699.0,2023-01-20,facebook_post,0.0,6.0,0.0
1328.0,2023-01-18,facebook_post,0.0,66.0,5.0
785.0,2023-01-17,facebook_post,0.0,15.0,0.0
909.0,2023-01-11,facebook_post,0.0,15.0,0.0
1121.0,2022-12-30,facebook_post,0.0,31.0,2.0
1274.0,2022-12-22,facebook_post,0.0,30.0,4.0
498.0,2022-12-20,facebook_post,0.0,2.0,0.0
900.0,2022-12-16,facebook_post,0.0,8.0,0.0
2546.0,2022-12-06,facebook_post,1.0,67.0,0.0
1653.0,2022-12-01,facebook_post,3.0,45.0,1.0
202.0,2022-11-23,facebook_post,1.0,1.0,0.0
199.0,2022-11-22,facebook_post,1.0,45.0,6.0
173.0,2022-11-09,facebook_post,1.0,4.0,1.0
167.0,2022-11-02,facebook_post,0.0,1.0,0.0
204.0,2022-10-24,facebook_post,10.0,13.0,3.0
246.0,2022-10-12,facebook_post,4.0,169.0,11.0
145.0,2022-10-07,facebook_post,1.0,33.0,2.0
134.0,2022-07-27,facebook_post,2.0,27.0,2.0
139.0,2022-07-26,facebook_post,2.0,21.0,1.0
133.0,2022-07-19,facebook_post,0.0,16.0,0.0
125.0,2022-07-13,facebook_post,2.0,81.0,5.0
117.0,2022-07-03,facebook_post,0.0,11.0,1.0
146.0,2022-06-29,facebook_post,1.0,108.0,24.0
110.0,2022-06-27,facebook_post,20.0,33.0,0.0
108.0,2022-06-13,facebook_post,0.0,23.0,0.0
108.0,2022-06-13,facebook_post,1.0,29.0,0.0
124.0,2022-06-08,facebook_post,7.0,105.0,5.0
119.0,2022-06-08,facebook_post,4.0,63.0,0.0
111.0,2022-06-06,facebook_post,1.0,51.0,0.0
100.0,2022-05-31,facebook_post,0.0,15.0,0.0
99.0,2022-05-31,facebook_post,0.0,20.0,2.0
110.0,2022-05-25,facebook_post,3.0,23.0,1.0
102.0,2022-05-11,facebook_post,6.0,124.0,5.0
92.0,2022-05-09,facebook_post,2.0,53.0,2.0
95.0,2022-05-04,facebook_post,1.0,29.0,0.0
87.0,2022-04-27,facebook_post,0.0,6.0,0.0
88.0,2022-04-18,facebook_post,4.0,50.0,2.0
83.0,2022-04-07,facebook_post,1.0,32.0,1.0
83.0,2022-04-05,facebook_post,0.0,9.0,0.0
90.0,2022-03-28,facebook_post,0.0,22.0,2.0
76.0,2022-03-10,facebook_post,1.0,6.0,1.0
74.0,2022-03-08,facebook_post,0.0,76.0,0.0
73.0,2022-02-28,facebook_post,1.0,94.0,1.0
79.0,2022-02-23,facebook_post,0.0,22.0,0.0
82.0,2022-02-23,facebook_post,0.0,68.0,4.0
74.0,2022-02-17,facebook_post,0.0,9.0,3.0
72.0,2022-02-08,facebook_post,0.0,43.0,4.0
69.0,2022-02-03,facebook_post,0.0,5.0,0.0
68.0,2022-01-26,facebook_post,0.0,6.0,0.0
10.0,2022-01-26,facebook_post,5.0,93.0,7.0
3.0,2022-01-26,facebook_post,0.0,42.0,4.0
64.0,2021-12-24,facebook_post,0.0,14.0,2.0
62.0,2021-12-15,facebook_post,0.0,10.0,0.0
56.0,2021-12-06,facebook_post,0.0,11.0,0.0
55.0,2021-12-02,facebook_post,1.0,12.0,0.0
56.0,2021-11-30,facebook_post,1.0,96.0,11.0
56.0,2021-11-25,facebook_post,2.0,22.0,1.0
52.0,2021-11-22,facebook_post,1.0,12.0,0.0
1873.0,2021-11-02,facebook_post,8.0,34.0,3.0
52.0,2021-10-24,facebook_post,1.0,37.0,3.0
48.0,2021-10-20,facebook_post,0.0,19.0,1.0
47.0,2021-08-31,facebook_post,4.0,79.0,4.0
1372.0,2021-07-29,facebook_post,0.0,38.0,34.0
46.0,2021-07-29,facebook_post,1.0,27.0,0.0
48.0,2021-07-12,facebook_post,2.0,31.0,0.0
46.0,2021-06-24,facebook_post,1.0,25.0,7.0
1661.0,2021-05-13,facebook_post,2.0,45.0,7.0
45.0,2021-05-12,facebook_post,0.0,15.0,0.0
1805.0,2021-05-03,facebook_post,6.0,63.0,9.0
43.0,2021-04-22,facebook_post,0.0,15.0,0.0
40.0,2021-04-19,facebook_post,1.0,8.0,3.0
1495.0,2021-04-15,facebook_post,0.0,39.0,1.0
39.0,2021-04-12,facebook_post,1.0,32.0,2.0
1759.0,2021-04-11,facebook_post,8.0,37.0,4.0
1299.0,2021-04-08,facebook_post,2.0,37.0,3.0
37.0,2021-03-31,facebook_post,3.0,47.0,5.0
43.0,2021-03-24,facebook_post,2.0,79.0,5.0
37.0,2021-03-22,facebook_post,0.0,27.0,2.0
72.0,2021-03-20,facebook_post,8.0,101.0,11.0
2044.0,2021-03-18,facebook_post,12.0,89.0,15.0
1761.0,2021-03-14,facebook_post,2.0,29.0,5.0
52.0,2021-03-10,facebook_post,5.0,87.0,8.0
1657.0,2021-03-09,facebook_post,3.0,24.0,3.0
2411.0,2021-03-02,facebook_post,14.0,75.0,22.0
32.0,2021-02-23,facebook_post,1.0,19.0,0.0
31.0,2021-02-21,facebook_post,0.0,23.0,0.0
1584.0,2021-02-16,facebook_post,1.0,13.0,2.0
30.0,2021-02-15,facebook_post,0.0,1.0,1.0
1784.0,2021-02-12,facebook_post,1.0,37.0,8.0
1526.0,2021-02-11,facebook_post,1.0,17.0,5.0
29.0,2021-02-07,facebook_post,3.0,19.0,1.0
27.0,2021-02-02,facebook_post,3.0,38.0,2.0
27.0,2021-01-28,facebook_post,1.0,31.0,8.0
1519.0,2021-01-26,facebook_post,4.0,32.0,9.0
25.0,2021-01-20,facebook_post,0.0,7.0,3.0
23.0,2021-01-19,facebook_post,0.0,7.0,0.0
23.0,2021-01-12,facebook_post,1.0,10.0,0.0
24.0,2021-01-11,facebook_post,0.0,29.0,6.0
1785.0,2021-01-08,facebook_post,3.0,33.0,12.0
1701.0,2021-01-07,facebook_post,9.0,77.0,14.0
23.0,2021-01-04,facebook_post,1.0,16.0,0.0
25.0,2020-12-28,facebook_post,0.0,16.0,0.0
24.0,2020-12-28,facebook_post,4.0,11.0,0.0
24.0,2020-12-26,facebook_post,0.0,4.0,0.0
26.0,2020-12-23,facebook_post,2.0,29.0,1.0
23.0,2020-12-22,facebook_post,0.0,34.0,1.0
30.0,2020-12-20,facebook_post,4.0,67.0,10.0
27.0,2020-12-17,facebook_post,1.0,18.0,0.0
27.0,2020-12-15,facebook_post,7.0,66.0,6.0
25.0,2020-12-14,facebook_post,0.0,13.0,0.0
25.0,2020-12-13,facebook_post,1.0,23.0,0.0
1372.0,2020-12-08,facebook_post,0.0,12.0,2.0
23.0,2020-12-07,facebook_post,0.0,0.0,0.0
23.0,2020-12-06,facebook_post,0.0,10.0,0.0
21.0,2020-12-03,facebook_post,1.0,14.0,0.0
23.0,2020-12-02,facebook_post,0.0,17.0,1.0
23.0,2020-11-29,facebook_post,1.0,18.0,2.0
1398.0,2020-11-29,facebook_post,1.0,19.0,0.0
22.0,2020-11-28,facebook_post,0.0,1.0,0.0
23.0,2020-11-27,facebook_post,0.0,4.0,0.0
23.0,2020-11-25,facebook_post,0.0,7.0,0.0
1122.0,2020-11-23,facebook_post,0.0,9.0,0.0
25.0,2020-11-23,facebook_post,0.0,6.0,2.0
23.0,2020-11-22,facebook_post,0.0,11.0,0.0
22.0,2020-11-19,facebook_post,1.0,7.0,1.0
24.0,2020-11-16,facebook_post,0.0,18.0,0.0
1234.0,2020-11-15,facebook_post,3.0,20.0,1.0
21.0,2020-11-12,facebook_post,0.0,5.0,0.0
0.0,2020-11-12,facebook_post,0.0,0.0,0.0
0.0,2020-11-12,facebook_post,0.0,0.0,0.0
21.0,2020-11-12,facebook_post,0.0,0.0,0.0
24.0,2020-11-11,facebook_post,7.0,44.0,7.0
21.0,2020-11-09,facebook_post,0.0,2.0,3.0
21.0,2020-11-06,facebook_post,1.0,13.0,1.0
20.0,2020-11-01,facebook_post,1.0,1.0,3.0
863.0,2020-10-27,facebook_post,0.0,7.0,4.0
18.0,2020-10-26,facebook_post,0.0,1.0,1.0
1099.0,2020-10-23,facebook_post,3.0,19.0,1.0
17.0,2020-10-15,facebook_post,1.0,4.0,0.0
17.0,2020-10-11,facebook_post,0.0,2.0,0.0
17.0,2020-10-11,facebook_post,0.0,17.0,1.0
892.0,2020-10-08,facebook_post,0.0,5.0,1.0
1152.0,2020-10-06,facebook_post,1.0,19.0,2.0
17.0,2020-10-01,facebook_post,0.0,2.0,0.0
18.0,2020-10-01,facebook_post,3.0,26.0,0.0
16.0,2020-09-29,facebook_post,0.0,3.0,0.0
16.0,2020-09-27,facebook_post,1.0,16.0,1.0
15.0,2020-09-20,facebook_post,0.0,5.0,0.0
996.0,2020-09-17,facebook_post,1.0,21.0,0.0
15.0,2020-09-17,facebook_post,0.0,2.0,0.0
16.0,2020-09-15,facebook_post,2.0,31.0,0.0
16.0,2020-09-13,facebook_post,0.0,3.0,3.0
20.0,2020-09-08,facebook_post,24.0,17.0,2.0
21.0,2020-09-06,facebook_post,0.0,21.0,0.0
15.0,2020-09-03,facebook_post,0.0,8.0,0.0
670.0,2020-08-25,facebook_post,0.0,7.0,1.0
16.0,2020-08-23,facebook_post,2.0,11.0,0.0
16.0,2020-08-20,facebook_post,0.0,12.0,1.0
18.0,2020-08-17,facebook_post,2.0,34.0,6.0
15.0,2020-08-13,facebook_post,0.0,6.0,0.0
903.0,2020-08-11,facebook_post,7.0,21.0,4.0
1414.0,2020-08-08,facebook_post,6.0,57.0,3.0
1585.0,2020-08-06,facebook_post,8.0,48.0,16.0
1069.0,2020-08-03,facebook_post,4.0,21.0,0.0
12.0,2020-07-29,facebook_post,0.0,3.0,0.0
944.0,2020-07-28,facebook_post,0.0,11.0,0.0
13.0,2020-07-25,facebook_post,1.0,18.0,5.0
11.0,2020-07-21,facebook_post,0.0,7.0,0.0
0.0,2020-07-21,facebook_post,0.0,0.0,0.0
11.0,2020-07-21,facebook_post,0.0,0.0,0.0
11.0,2020-07-21,facebook_post,0.0,0.0,0.0
11.0,2020-07-21,facebook_post,0.0,0.0,0.0
10.0,2020-07-21,facebook_post,0.0,0.0,0.0
10.0,2020-07-21,facebook_post,0.0,0.0,0.0
11.0,2020-07-20,facebook_post,2.0,11.0,0.0
10.0,2020-07-20,facebook_post,0.0,0.0,0.0
11.0,2020-07-20,facebook_post,0.0,1.0,0.0
14.0,2020-07-15,facebook_post,4.0,19.0,1.0
12.0,2020-07-12,facebook_post,0.0,24.0,1.0
14.0,2020-07-10,facebook_post,2.0,32.0,0.0
12.0,2020-07-07,facebook_post,1.0,11.0,2.0
11.0,2020-06-28,facebook_post,4.0,27.0,5.0
12.0,2020-06-25,facebook_post,1.0,28.0,1.0
15.0,2020-06-22,facebook_post,3.0,17.0,0.0
750.0,2020-06-19,facebook_post,0.0,7.0,1.0
3367.0,2020-06-18,facebook_post,12.0,39.0,16.0
14.0,2020-06-16,facebook_post,6.0,16.0,18.0
797.0,2020-06-12,facebook_post,0.0,5.0,0.0
8.0,2020-06-09,facebook_post,2.0,21.0,0.0
7.0,2020-06-02,facebook_post,1.0,29.0,0.0
7.0,2020-05-31,facebook_post,2.0,18.0,0.0
17.0,2020-05-28,facebook_post,4.0,39.0,4.0
7.0,2020-05-26,facebook_post,5.0,34.0,0.0
8.0,2020-05-22,facebook_post,2.0,10.0,0.0
37.0,2020-05-20,facebook_post,1.0,17.0,2.0
8.0,2020-05-19,facebook_post,0.0,44.0,10.0
7.0,2020-05-16,facebook_post,2.0,14.0,0.0
1258.0,2020-05-12,facebook_post,2.0,9.0,0.0
7.0,2020-05-10,facebook_post,1.0,13.0,0.0
60.0,2020-04-28,facebook_post,4.0,16.0,4.0
41.0,2020-04-16,facebook_post,17.0,6.0,14.0
12664.0,2020-04-03,facebook_post,20.0,59.0,14.0
7.0,2020-03-08,facebook_post,1.0,11.0,0.0
7.0,2020-03-08,facebook_post,2.0,15.0,0.0
7.0,2020-03-08,facebook_post,0.0,3.0,0.0
7.0,2020-01-23,facebook_post,3.0,23.0,0.0
7.0,2020-01-13,facebook_post,0.0,0.0,0.0
7.0,2020-01-13,facebook_post,1.0,10.0,0.0
7.0,2020-01-13,facebook_post,0.0,0.0,0.0
927.0,2019-11-24,facebook_post,2.0,26.0,6.0
8.0,2019-11-12,facebook_post,0.0,24.0,0.0
11.0,2019-10-10,facebook_post,1.0,15.0,0.0
14.0,2019-10-10,facebook_post,1.0,12.0,3.0
7.0,2019-10-09,facebook_post,2.0,15.0,0.0
7.0,2019-10-08,facebook_post,1.0,27.0,4.0
11.0,2019-10-07,facebook_post,1.0,5.0,0.0
8.0,2019-10-01,facebook_post,0.0,4.0,0.0
7.0,2019-09-25,facebook_post,0.0,4.0,0.0
9.0,2019-09-25,facebook_post,0.0,23.0,0.0
7.0,2019-09-22,facebook_post,0.0,0.0,0.0
7.0,2019-09-17,facebook_post,0.0,15.0,0.0
1195.0,2019-06-06,facebook_post,4.0,20.0,0.0
7.0,2019-06-02,facebook_post,1.0,24.0,1.0
7.0,2019-05-09,facebook_post,0.0,9.0,0.0
9.0,2019-04-22,facebook_post,1.0,35.0,0.0
7.0,2019-04-17,facebook_post,0.0,1.0,0.0
6.0,2019-04-13,facebook_post,0.0,13.0,0.0
6.0,2019-04-10,facebook_post,0.0,7.0,0.0
501.0,2019-03-24,facebook_post,0.0,3.0,0.0
8.0,2019-03-23,facebook_post,0.0,27.0,3.0
1045.0,2019-03-16,facebook_post,1.0,16.0,0.0
6.0,2019-03-13,facebook_post,1.0,10.0,0.0
6.0,2019-03-06,facebook_post,1.0,16.0,1.0
6.0,2019-03-05,facebook_post,0.0,12.0,3.0
4067.0,2019-01-30,facebook_post,5.0,33.0,3.0
7.0,2019-01-20,facebook_post,1.0,34.0,1.0
6.0,2019-01-17,facebook_post,1.0,9.0,0.0
6.0,2019-01-15,facebook_post,0.0,8.0,0.0
6.0,2019-01-13,facebook_post,1.0,6.0,0.0
1389.0,2019-01-10,facebook_post,6.0,29.0,0.0
1458.0,2019-01-08,facebook_post,7.0,35.0,1.0
7.0,2019-01-06,facebook_post,3.0,20.0,0.0
7.0,2019-01-03,facebook_post,2.0,6.0,0.0
6.0,2019-01-01,facebook_post,0.0,5.0,2.0
6.0,2018-12-31,facebook_post,1.0,7.0,0.0
6.0,2018-12-27,facebook_post,0.0,8.0,0.0
6.0,2018-12-25,facebook_post,0.0,3.0,0.0
7.0,2018-12-23,facebook_post,0.0,17.0,2.0
6.0,2018-12-16,facebook_post,0.0,7.0,1.0
596.0,2018-12-13,facebook_post,0.0,9.0,0.0
6.0,2018-12-13,facebook_post,1.0,10.0,0.0
23.0,2018-12-11,facebook_post,6.0,8.0,3.0
12964.0,2018-12-06,facebook_post,82.0,279.0,13.0
6.0,2018-12-04,facebook_post,0.0,10.0,2.0
6.0,2018-12-02,facebook_post,4.0,34.0,2.0
6.0,2018-11-29,facebook_post,5.0,171.0,0.0
1018.0,2018-11-27,facebook_post,3.0,29.0,0.0
6.0,2018-11-27,facebook_post,0.0,4.0,0.0
1231.0,2018-11-22,facebook_post,6.0,35.0,0.0
6.0,2018-11-18,facebook_post,0.0,3.0,0.0
6.0,2018-11-15,facebook_post,1.0,8.0,0.0
1454.0,2018-11-13,facebook_post,3.0,36.0,15.0
6.0,2018-11-08,facebook_post,1.0,13.0,1.0
509.0,2018-11-07,facebook_post,0.0,12.0,0.0
908.0,2018-11-07,facebook_post,3.0,27.0,0.0
735.0,2018-10-30,facebook_post,5.0,20.0,0.0
6.0,2018-10-28,facebook_post,3.0,99.0,0.0
6.0,2018-10-25,facebook_post,1.0,12.0,0.0
1107.0,2018-10-23,facebook_post,3.0,35.0,1.0
6.0,2018-10-21,facebook_post,5.0,133.0,1.0
6.0,2018-10-18,facebook_post,1.0,29.0,1.0
8797.0,2018-10-16,facebook_post,4.0,30.0,0.0
7951.0,2018-10-13,facebook_post,8.0,40.0,0.0
7573.0,2018-10-11,facebook_post,6.0,29.0,2.0
6.0,2018-10-09,facebook_post,4.0,10.0,1.0
6.0,2018-10-07,facebook_post,2.0,24.0,1.0
6.0,2018-10-04,facebook_post,4.0,44.0,1.0
6.0,2018-09-23,facebook_post,0.0,6.0,0.0
784.0,2018-09-12,facebook_post,0.0,27.0,4.0
6.0,2018-09-08,facebook_post,0.0,18.0,3.0
9.0,2018-08-31,facebook_post,2.0,21.0,0.0
5.0,2018-08-29,facebook_post,1.0,11.0,0.0
7.0,2018-08-28,facebook_post,2.0,33.0,6.0
20.0,2018-08-20,facebook_post,17.0,99.0,48.0
5.0,2018-08-16,facebook_post,1.0,0.0,0.0
5.0,2018-08-13,facebook_post,2.0,33.0,0.0
1020.0,2018-08-10,facebook_post,1.0,14.0,0.0
5.0,2018-08-07,facebook_post,0.0,7.0,0.0
5.0,2018-07-29,facebook_post,0.0,2.0,3.0
1015.0,2018-07-25,facebook_post,2.0,16.0,5.0
5.0,2018-07-24,facebook_post,0.0,3.0,0.0
1292.0,2018-07-21,facebook_post,5.0,27.0,2.0
5.0,2018-07-07,facebook_post,3.0,22.0,0.0
5.0,2018-07-04,facebook_post,2.0,18.0,2.0
5.0,2018-07-01,facebook_post,0.0,4.0,0.0
9.0,2018-06-26,facebook_post,2.0,17.0,0.0
5.0,2018-06-22,facebook_post,1.0,8.0,0.0
5.0,2018-06-16,facebook_post,2.0,13.0,1.0
5.0,2018-06-13,facebook_post,0.0,24.0,0.0
5.0,2018-06-10,facebook_post,0.0,6.0,0.0
1674.0,2018-05-19,facebook_post,6.0,48.0,5.0
753.0,2018-05-16,facebook_post,1.0,29.0,1.0
38.0,2018-05-13,facebook_post,3.0,28.0,2.0
6.0,2018-05-07,facebook_post,4.0,17.0,0.0
5.0,2018-05-04,facebook_post,0.0,2.0,0.0
5.0,2018-04-28,facebook_post,0.0,0.0,0.0
4.0,2018-04-22,facebook_post,2.0,4.0,0.0
1043.0,2018-04-19,facebook_post,6.0,22.0,1.0
31.0,2018-04-16,facebook_post,4.0,24.0,0.0
1655.0,2018-04-14,facebook_post,5.0,41.0,1.0
1002.0,2018-04-07,facebook_post,1.0,22.0,0.0
4.0,2018-04-04,facebook_post,0.0,16.0,0.0
4.0,2018-03-22,facebook_post,0.0,0.0,0.0
4.0,2018-03-14,facebook_post,0.0,6.0,0.0
5633.0,2018-03-11,facebook_post,35.0,156.0,36.0
503.0,2018-03-08,facebook_post,0.0,6.0,0.0
4.0,2018-03-05,facebook_post,0.0,6.0,4.0
948.0,2018-03-01,facebook_post,2.0,12.0,1.0
5.0,2018-02-23,facebook_post,0.0,5.0,0.0
582.0,2018-02-18,facebook_post,0.0,7.0,0.0
26014.0,2018-02-13,facebook_post,0.0,3.0,0.0
4.0,2018-02-10,facebook_post,1.0,18.0,0.0
4.0,2018-02-08,facebook_post,0.0,12.0,0.0
7420.0,2018-02-06,facebook_post,7.0,49.0,3.0
3.0,2018-02-03,facebook_post,1.0,83.0,6.0
9853.0,2018-01-31,facebook_post,14.0,65.0,7.0
734.0,2018-01-31,facebook_post,0.0,9.0,1.0
3.0,2018-01-26,facebook_post,1.0,10.0,0.0
300.0,2018-01-24,facebook_post,0.0,0.0,0.0
3.0,2018-01-19,facebook_post,1.0,11.0,0.0
3.0,2018-01-15,facebook_post,0.0,4.0,0.0
12078.0,2018-01-13,facebook_post,6.0,49.0,4.0
9925.0,2018-01-08,facebook_post,5.0,35.0,1.0
7423.0,2018-01-05,facebook_post,2.0,3.0,0.0
735.0,2017-12-31,facebook_post,0.0,7.0,0.0
1050.0,2017-12-28,facebook_post,1.0,17.0,0.0
4.0,2017-12-25,facebook_post,0.0,6.0,1.0
363.0,2017-12-21,facebook_post,2.0,8.0,0.0
3.0,2017-12-17,facebook_post,0.0,0.0,0.0
1015.0,2017-12-13,facebook_post,2.0,25.0,1.0
741.0,2017-12-08,facebook_post,0.0,13.0,1.0
7887.0,2017-11-25,facebook_post,10.0,71.0,4.0
3.0,2017-11-24,facebook_post,0.0,0.0,0.0
0.0,2017-11-14,facebook_post,0.0,3.0,4.0
6373.0,2017-11-08,facebook_post,25.0,104.0,7.0
1232.0,2017-11-06,facebook_post,2.0,13.0,1.0
4.0,2017-10-29,facebook_post,1.0,31.0,1.0
984.0,2017-10-25,facebook_post,3.0,19.0,1.0
132319.0,2017-10-24,facebook_post,162.0,616.0,81.0
2.0,2017-09-10,facebook_post,0.0,9.0,0.0
2.0,2017-09-04,facebook_post,1.0,20.0,0.0
3936.0,2017-09-01,facebook_post,12.0,50.0,6.0
2.0,2017-08-24,facebook_post,0.0,28.0,0.0
2.0,2017-08-14,facebook_post,0.0,56.0,0.0
2270.0,2017-08-12,facebook_post,2.0,34.0,1.0
57.0,2017-08-06,facebook_post,6.0,18.0,0.0
2.0,2017-08-02,facebook_post,0.0,12.0,0.0
2.0,2017-07-21,facebook_post,0.0,6.0,0.0
2.0,2017-07-12,facebook_post,1.0,30.0,3.0
1000.0,2017-07-05,facebook_post,0.0,19.0,1.0
12.0,2017-07-04,facebook_post,11.0,140.0,4.0
2.0,2017-07-03,facebook_post,3.0,15.0,4.0
2.0,2017-07-02,facebook_post,0.0,24.0,2.0
7872.0,2017-06-29,facebook_post,6.0,63.0,2.0
5420.0,2017-06-25,facebook_post,11.0,79.0,10.0
3.0,2017-06-20,facebook_post,0.0,8.0,0.0
3964.0,2017-06-19,facebook_post,5.0,47.0,4.0
2.0,2017-06-19,facebook_post,0.0,6.0,0.0
2.0,2017-06-18,facebook_post,0.0,11.0,0.0
2.0,2017-06-18,facebook_post,0.0,7.0,0.0
2.0,2017-06-15,facebook_post,0.0,10.0,0.0
752.0,2017-06-13,facebook_post,3.0,25.0,0.0
2.0,2017-06-13,facebook_post,3.0,72.0,4.0
2.0,2017-06-12,facebook_post,0.0,13.0,0.0
2.0,2017-06-11,facebook_post,0.0,14.0,4.0
2.0,2017-06-08,facebook_post,0.0,16.0,0.0
2.0,2017-06-07,facebook_post,0.0,10.0,0.0
2.0,2017-06-06,facebook_post,0.0,0.0,0.0
3.0,2017-06-05,facebook_post,7.0,94.0,3.0
723.0,2017-06-04,facebook_post,1.0,31.0,2.0
2.0,2017-06-03,facebook_post,0.0,11.0,3.0
2.0,2017-06-02,facebook_post,0.0,20.0,2.0
3.0,2017-06-01,facebook_post,0.0,14.0,2.0
2.0,2017-05-30,facebook_post,0.0,2.0,0.0
2.0,2017-05-29,facebook_post,1.0,7.0,0.0
2.0,2017-05-28,facebook_post,0.0,9.0,0.0
2.0,2017-05-26,facebook_post,2.0,16.0,0.0
87029.0,2017-05-22,facebook_post,185.0,892.0,178.0
744.0,2017-05-21,facebook_post,2.0,14.0,1.0
2.0,2017-05-17,facebook_post,2.0,12.0,0.0
616.0,2017-05-10,facebook_post,2.0,14.0,0.0
2.0,2017-05-10,facebook_post,0.0,0.0,0.0
2.0,2017-05-10,facebook_post,0.0,0.0,0.0
2.0,2017-05-05,facebook_post,1.0,4.0,1.0
2.0,2017-04-30,facebook_post,0.0,5.0,0.0
2.0,2017-04-25,facebook_post,0.0,7.0,0.0
2.0,2017-04-15,facebook_post,0.0,0.0,0.0
947.0,2017-04-12,facebook_post,2.0,13.0,3.0
908.0,2017-04-12,facebook_post,2.0,14.0,2.0
2.0,2017-04-08,facebook_post,1.0,6.0,0.0
3.0,2017-04-08,facebook_post,1.0,9.0,1.0
2.0,2017-04-01,facebook_post,0.0,0.0,0.0
2.0,2017-03-31,facebook_post,0.0,5.0,0.0
2.0,2017-03-27,facebook_post,0.0,8.0,0.0
2.0,2017-03-26,facebook_post,1.0,6.0,0.0
4.0,2017-03-26,facebook_post,0.0,6.0,0.0
1112.0,2017-03-24,facebook_post,2.0,20.0,0.0
4.0,2017-03-22,facebook_post,1.0,5.0,0.0
2.0,2017-03-22,facebook_post,3.0,3.0,2.0
1210.0,2017-03-21,facebook_post,3.0,14.0,1.0
3.0,2017-03-20,facebook_post,2.0,4.0,0.0
2.0,2017-03-19,facebook_post,0.0,2.0,0.0
2.0,2017-03-16,facebook_post,0.0,0.0,0.0
2.0,2017-03-14,facebook_post,0.0,1.0,0.0
2.0,2017-03-09,facebook_post,0.0,0.0,0.0
7.0,2017-03-08,facebook_post,1.0,5.0,0.0
2.0,2017-03-08,facebook_post,0.0,3.0,0.0
2.0,2017-02-23,facebook_post,0.0,6.0,0.0
2.0,2017-02-01,facebook_post,1.0,8.0,0.0
7.0,2017-01-02,facebook_post,0.0,7.0,0.0
2.0,2016-12-24,facebook_post,0.0,8.0,0.0
2.0,2016-12-12,facebook_post,0.0,4.0,0.0
26.0,2016-12-04,facebook_post,2.0,2.0,1.0
6.0,2016-11-24,facebook_post,0.0,1.0,0.0
1037.0,2016-11-12,facebook_post,0.0,5.0,0.0
5.0,2016-11-08,facebook_post,0.0,7.0,0.0
735.0,2016-10-30,facebook_post,0.0,7.0,0.0
5.0,2016-10-29,facebook_post,0.0,4.0,0.0
2.0,2016-10-22,facebook_post,0.0,16.0,0.0
7.0,2016-10-15,facebook_post,1.0,5.0,0.0
2.0,2016-10-13,facebook_post,0.0,4.0,0.0
3.0,2016-10-05,facebook_post,0.0,7.0,0.0
13.0,2016-09-25,facebook_post,0.0,3.0,0.0
5.0,2016-09-21,facebook_post,0.0,6.0,0.0
6.0,2016-09-20,facebook_post,1.0,8.0,1.0
14.0,2016-09-14,facebook_post,1.0,5.0,0.0
1202.0,2016-09-10,facebook_post,1.0,8.0,0.0
2.0,2016-09-07,facebook_post,1.0,3.0,0.0
2.0,2016-09-06,facebook_post,0.0,6.0,0.0
2.0,2016-09-05,facebook_post,0.0,6.0,0.0
1567.0,2016-08-31,facebook_post,1.0,10.0,0.0
2.0,2016-08-31,facebook_post,1.0,3.0,0.0
2.0,2016-08-24,facebook_post,0.0,11.0,0.0
1640.0,2016-08-01,facebook_post,2.0,19.0,0.0
2.0,2016-07-16,facebook_post,0.0,0.0,0.0
2.0,2016-07-16,facebook_post,1.0,1.0,0.0
5.0,2016-07-05,facebook_post,1.0,5.0,0.0
7.0,2016-07-04,facebook_post,1.0,7.0,0.0
2.0,2016-06-30,facebook_post,0.0,4.0,0.0
2.0,2016-06-19,facebook_post,1.0,1.0,0.0
3.0,2016-06-08,facebook_post,0.0,6.0,0.0
8.0,2016-06-07,facebook_post,1.0,4.0,0.0
2.0,2016-05-24,facebook_post,0.0,0.0,0.0
3.0,2016-05-22,facebook_post,1.0,3.0,2.0
2.0,2016-05-15,facebook_post,2.0,5.0,0.0
5.0,2016-05-15,facebook_post,3.0,10.0,0.0
2.0,2016-05-03,facebook_post,0.0,0.0,0.0
6.0,2016-05-02,facebook_post,3.0,16.0,0.0
2.0,2016-04-24,facebook_post,0.0,0.0,0.0
2.0,2016-04-13,facebook_post,0.0,0.0,0.0
2.0,2016-04-06,facebook_post,1.0,4.0,0.0
0.0,2016-03-16,facebook_post,0.0,0.0,0.0
0.0,2016-03-01,facebook_post,1.0,1.0,0.0
0.0,2016-02-21,facebook_post,0.0,0.0,0.0
2.0,2016-02-16,facebook_post,0.0,0.0,0.0
0.0,2016-02-16,facebook_post,0.0,1.0,0.0
3.0,2016-02-13,facebook_post,1.0,5.0,0.0
2.0,2016-01-11,facebook_post,0.0,0.0,0.0
2.0,2015-12-17,facebook_post,0.0,0.0,0.0
3.0,2015-11-30,facebook_post,4.0,5.0,1.0
2.0,2015-08-21,facebook_post,0.0,2.0,1.0
6.0,2015-08-16,facebook_post,1.0,5.0,0.0
5.0,2015-08-11,facebook_post,3.0,0.0,0.0
2.0,2015-08-06,facebook_post,2.0,5.0,0.0
5.0,2015-08-04,facebook_post,5.0,3.0,2.0
2.0,2015-08-02,facebook_post,0.0,2.0,0.0
2.0,2015-07-31,facebook_post,1.0,4.0,0.0
2.0,2015-07-30,facebook_post,1.0,0.0,0.0
2.0,2015-07-10,facebook_post,1.0,3.0,1.0
2.0,2015-07-07,facebook_post,1.0,3.0,0.0
2.0,2015-07-01,facebook_post,0.0,2.0,1.0
2.0,2015-06-29,facebook_post,1.0,3.0,0.0
2.0,2015-06-25,facebook_post,0.0,2.0,0.0
2.0,2015-06-24,facebook_post,2.0,6.0,0.0
10.0,2015-06-23,facebook_post,3.0,5.0,0.0
2.0,2015-06-18,facebook_post,0.0,0.0,0.0
3.0,2015-06-16,facebook_post,2.0,4.0,0.0
2.0,2015-05-12,facebook_post,2.0,3.0,0.0
2.0,2015-05-10,facebook_post,1.0,2.0,0.0
4.0,2015-04-27,facebook_post,0.0,0.0,0.0
2.0,2015-04-20,facebook_post,0.0,0.0,0.0
2.0,2015-04-18,facebook_post,0.0,0.0,0.0
0.0,2014-08-12,facebook_post,0.0,0.0,0.0
2.0,2014-05-26,facebook_post,0.0,5.0,2.0
0.0,2014-03-28,facebook_post,0.0,0.0,0.0
2.0,2014-02-24,facebook_post,0.0,0.0,0.0
2.0,2014-01-30,facebook_post,0.0,0.0,0.0
2.0,2014-01-29,facebook_post,0.0,0.0,0.0
2.0,2014-01-29,facebook_post,0.0,0.0,0.0
0.0,2014-01-29,facebook_post,0.0,0.0,0.0
0.0,2013-12-03,facebook_post,0.0,0.0,0.0
0.0,2013-11-29,facebook_post,0.0,0.0,0.0
0.0,2013-11-22,facebook_post,0.0,0.0,0.0
2.0,2013-11-15,facebook_post,1.0,7.0,0.0
2.0,2013-11-11,facebook_post,0.0,0.0,0.0
0.0,2013-11-07,facebook_post,0.0,0.0,0.0
2.0,2013-11-06,facebook_post,0.0,10.0,0.0
0.0,2013-11-04,facebook_post,0.0,0.0,0.0
0.0,2013-11-03,facebook_post,0.0,0.0,0.0
0.0,2013-10-28,facebook_post,0.0,0.0,0.0
2.0,2013-09-19,facebook_post,0.0,0.0,0.0
2.0,2012-08-07,facebook_post,0.0,1.0,0.0
2.0,2012-08-05,facebook_post,0.0,1.0,0.0
2.0,2012-07-26,facebook_post,0.0,0.0,0.0
0.0,2012-07-18,facebook_post,0.0,1.0,0.0
2.0,2012-07-11,facebook_post,0.0,0.0,0.0
2.0,2012-07-03,facebook_post,0.0,1.0,0.0
2.0,2012-06-30,facebook_post,0.0,0.0,0.0
2.0,2011-12-13,facebook_post,0.0,0.0,0.0
2.0,2011-09-04,facebook_post,0.0,0.0,0.0
2.0,2011-08-28,facebook_post,0.0,0.0,0.0
2.0,2011-08-28,facebook_post,0.0,2.0,0.0
2.0,2011-08-23,facebook_post,0.0,0.0,0.0
2.0,2011-08-08,facebook_post,0.0,0.0,0.0
2.0,2011-07-18,facebook_post,0.0,0.0,0.0
2.0,2011-06-21,facebook_post,0.0,0.0,0.0
2.0,2011-06-21,facebook_post,0.0,0.0,0.0
21.0,2011-06-13,facebook_post,15.0,15.0,6.0
2.0,2010-11-30,facebook_post,0.0,0.0,0.0
2.0,2010-11-21,facebook_post,0.0,0.0,0.0
2.0,2010-11-06,facebook_post,0.0,0.0,0.0
2.0,2010-09-12,facebook_post,0.0,0.0,0.0
3.0,2010-08-19,facebook_post,0.0,2.0,0.0
2.0,2010-08-17,facebook_post,0.0,2.0,1.0
514.0,2022-11-08,insta_page,0.0,0.0,0.0
449.0,2022-11-09,insta_page,0.0,0.0,0.0
38094.0,2022-11-10,insta_page,0.0,0.0,0.0
2284.0,2022-11-11,insta_page,0.0,0.0,0.0
841.0,2022-11-12,insta_page,0.0,0.0,0.0
1034.0,2022-11-13,insta_page,0.0,0.0,0.0
1273.0,2022-11-14,insta_page,0.0,0.0,0.0
4095.0,2022-11-15,insta_page,0.0,0.0,0.0
5001.0,2022-11-16,insta_page,0.0,0.0,0.0
1258.0,2022-11-17,insta_page,0.0,0.0,0.0
445.0,2022-11-18,insta_page,0.0,0.0,0.0
205.0,2022-11-19,insta_page,0.0,0.0,0.0
155.0,2022-11-20,insta_page,0.0,0.0,0.0
2105.0,2022-11-21,insta_page,0.0,0.0,0.0
1336.0,2022-11-22,insta_page,0.0,0.0,0.0
1176.0,2022-11-23,insta_page,0.0,0.0,0.0
881.0,2022-11-24,insta_page,0.0,0.0,0.0
212.0,2022-11-25,insta_page,0.0,0.0,0.0
155.0,2022-11-26,insta_page,0.0,0.0,0.0
95.0,2022-11-27,insta_page,0.0,0.0,0.0
1467.0,2022-11-28,insta_page,0.0,0.0,0.0
1352.0,2022-11-29,insta_page,0.0,0.0,0.0
415.0,2022-11-30,insta_page,0.0,0.0,0.0
764.0,2022-12-01,insta_page,0.0,0.0,0.0
334.0,2022-12-02,insta_page,0.0,0.0,0.0
262.0,2022-12-03,insta_page,0.0,0.0,0.0
282.0,2022-12-04,insta_page,0.0,0.0,0.0
1127.0,2022-12-05,insta_page,0.0,0.0,0.0
1066.0,2022-12-06,insta_page,0.0,0.0,0.0
1404.0,2022-12-07,insta_page,0.0,0.0,0.0
1150.0,2022-12-08,insta_page,0.0,0.0,0.0
334.0,2022-12-09,insta_page,0.0,0.0,0.0
240.0,2022-12-10,insta_page,0.0,0.0,0.0
131.0,2022-12-11,insta_page,0.0,0.0,0.0
3283.0,2022-12-12,insta_page,0.0,0.0,0.0
922.0,2022-12-13,insta_page,0.0,0.0,0.0
1261.0,2022-12-14,insta_page,0.0,0.0,0.0
379.0,2022-12-15,insta_page,0.0,0.0,0.0
440.0,2022-12-16,insta_page,0.0,0.0,0.0
190.0,2022-12-17,insta_page,0.0,0.0,0.0
208.0,2022-12-18,insta_page,0.0,0.0,0.0
1279.0,2022-12-19,insta_page,0.0,0.0,0.0
718.0,2022-12-20,insta_page,0.0,0.0,0.0
257.0,2022-12-21,insta_page,0.0,0.0,0.0
503.0,2022-12-22,insta_page,0.0,0.0,0.0
237.0,2022-12-23,insta_page,0.0,0.0,0.0
84.0,2022-12-24,insta_page,0.0,0.0,0.0
80.0,2022-12-25,insta_page,0.0,0.0,0.0
50.0,2022-12-26,insta_page,0.0,0.0,0.0
668.0,2022-12-27,insta_page,0.0,0.0,0.0
381.0,2022-12-28,insta_page,0.0,0.0,0.0
2724.0,2022-12-29,insta_page,0.0,0.0,0.0
1601.0,2022-12-30,insta_page,0.0,0.0,0.0
466.0,2022-12-31,insta_page,0.0,0.0,0.0
212.0,2023-01-01,insta_page,0.0,0.0,0.0
1210.0,2023-01-02,insta_page,0.0,0.0,0.0
560.0,2023-01-03,insta_page,0.0,0.0,0.0
3030.0,2023-01-04,insta_page,0.0,0.0,0.0
2181.0,2023-01-05,insta_page,0.0,0.0,0.0
1385.0,2023-01-06,insta_page,0.0,0.0,0.0
560.0,2023-01-07,insta_page,0.0,0.0,0.0
583.0,2023-01-08,insta_page,0.0,0.0,0.0
1043.0,2023-01-09,insta_page,0.0,0.0,0.0
1623.0,2023-01-10,insta_page,0.0,0.0,0.0
1746.0,2023-01-11,insta_page,0.0,0.0,0.0
867.0,2023-01-12,insta_page,0.0,0.0,0.0
504.0,2023-01-13,insta_page,0.0,0.0,0.0
131.0,2023-01-14,insta_page,0.0,0.0,0.0
174.0,2023-01-15,insta_page,0.0,0.0,0.0
130.0,2023-01-16,insta_page,0.0,0.0,0.0
435.0,2023-01-17,insta_page,0.0,0.0,0.0
491.0,2023-01-18,insta_page,0.0,0.0,0.0
313.0,2023-01-19,insta_page,0.0,0.0,0.0
834.0,2023-01-20,insta_page,0.0,0.0,0.0
203.0,2023-01-21,insta_page,0.0,0.0,0.0
178.0,2023-01-22,insta_page,0.0,0.0,0.0
692.0,2023-01-23,insta_page,0.0,0.0,0.0
407.0,2023-01-24,insta_page,0.0,0.0,0.0
523.0,2023-01-25,insta_page,0.0,0.0,0.0
1776.0,2023-01-26,insta_page,0.0,0.0,0.0
736.0,2023-01-27,insta_page,0.0,0.0,0.0
495.0,2023-01-28,insta_page,0.0,0.0,0.0
267.0,2023-01-29,insta_page,0.0,0.0,0.0
173.0,2023-01-30,insta_page,0.0,0.0,0.0
565.0,2023-01-31,insta_page,0.0,0.0,0.0
1225.0,2023-02-01,insta_page,0.0,0.0,0.0
932.0,2023-02-02,insta_page,0.0,0.0,0.0
404.0,2023-02-03,insta_page,0.0,0.0,0.0
296.0,2023-02-04,insta_page,0.0,0.0,0.0
211.0,2023-02-05,insta_page,0.0,0.0,0.0
528.0,2023-02-06,insta_page,0.0,0.0,0.0
512.0,2023-02-07,insta_page,0.0,0.0,0.0
1189.0,2023-02-08,insta_page,0.0,0.0,0.0
1354.0,2023-02-09,insta_page,0.0,0.0,0.0
581.0,2023-02-10,insta_page,0.0,0.0,0.0
137.0,2023-02-11,insta_page,0.0,0.0,0.0
273.0,2023-02-12,insta_page,0.0,0.0,0.0
653.0,2023-02-13,insta_page,0.0,0.0,0.0
726.0,2023-02-14,insta_page,0.0,0.0,0.0
876.0,2023-02-15,insta_page,0.0,0.0,0.0
849.0,2023-02-16,insta_page,0.0,0.0,0.0
707.0,2023-02-17,insta_page,0.0,0.0,0.0
1177.0,2023-02-18,insta_page,0.0,0.0,0.0
87.0,2023-02-19,insta_page,0.0,0.0,0.0
791.0,2023-02-20,insta_page,0.0,0.0,0.0
937.0,2023-02-21,insta_page,0.0,0.0,0.0
694.0,2023-02-22,insta_page,0.0,0.0,0.0
1545.0,2023-02-23,insta_page,0.0,0.0,0.0
746.0,2023-02-24,insta_page,0.0,0.0,0.0
150.0,2023-02-25,insta_page,0.0,0.0,0.0
88.0,2023-02-26,insta_page,0.0,0.0,0.0
304.0,2023-02-27,insta_page,0.0,0.0,0.0
379.0,2023-02-28,insta_page,0.0,0.0,0.0
917.0,2023-03-01,insta_page,0.0,0.0,0.0
570.0,2023-03-02,insta_page,0.0,0.0,0.0
291.0,2023-03-03,insta_page,0.0,0.0,0.0
206.0,2023-03-04,insta_page,0.0,0.0,0.0
35.0,2023-03-05,insta_page,0.0,0.0,0.0
1279.0,2023-03-06,insta_page,0.0,0.0,0.0
1407.0,2023-03-07,insta_page,0.0,0.0,0.0
1231.0,2023-03-08,insta_page,0.0,0.0,0.0
1360.0,2023-03-09,insta_page,0.0,0.0,0.0
714.0,2023-03-10,insta_page,0.0,0.0,0.0
272.0,2023-03-11,insta_page,0.0,0.0,0.0
265.0,2023-03-12,insta_page,0.0,0.0,0.0
1329.0,2023-03-13,insta_page,0.0,0.0,0.0
910.0,2023-03-14,insta_page,0.0,0.0,0.0
893.0,2023-03-15,insta_page,0.0,0.0,0.0
1449.0,2023-03-16,insta_page,0.0,0.0,0.0
1830.0,2023-03-17,insta_page,0.0,0.0,0.0
964.0,2023-03-18,insta_page,0.0,0.0,0.0
1826.0,2023-03-19,insta_page,0.0,0.0,0.0
222.0,2023-03-20,insta_page,0.0,0.0,0.0
289.0,2023-03-21,insta_page,0.0,0.0,0.0
1660.0,2023-03-22,insta_page,0.0,0.0,0.0
1742.0,2023-03-23,insta_page,0.0,0.0,0.0
385.0,2023-03-24,insta_page,0.0,0.0,0.0
227.0,2023-03-25,insta_page,0.0,0.0,0.0
26.0,2023-03-26,insta_page,0.0,0.0,0.0
37.0,2023-03-27,insta_page,0.0,0.0,0.0
372.0,2023-03-28,insta_page,0.0,0.0,0.0
999.0,2023-03-29,insta_page,0.0,0.0,0.0
5720.0,2023-03-30,insta_page,0.0,0.0,0.0
1880.0,2023-03-31,insta_page,0.0,0.0,0.0
1300.0,2023-04-01,insta_page,0.0,0.0,0.0
726.0,2023-04-02,insta_page,0.0,0.0,0.0
90.0,2023-04-03,insta_page,0.0,0.0,0.0
4219.0,2023-04-04,insta_page,0.0,0.0,0.0
1364.0,2023-04-05,insta_page,0.0,0.0,0.0
496.0,2023-04-06,insta_page,0.0,0.0,0.0
253.0,2023-04-07,insta_page,0.0,0.0,0.0
92.0,2023-04-08,insta_page,0.0,0.0,0.0
105.0,2023-04-09,insta_page,0.0,0.0,0.0
1181.0,2023-04-10,insta_page,0.0,0.0,0.0
850.0,2023-04-11,insta_page,0.0,0.0,0.0
388.0,2023-04-12,insta_page,0.0,0.0,0.0
199.0,2023-04-13,insta_page,0.0,0.0,0.0
35.0,2023-04-14,insta_page,0.0,0.0,0.0
9.0,2023-04-15,insta_page,0.0,0.0,0.0
27.0,2023-04-16,insta_page,0.0,0.0,0.0
471.0,2023-04-17,insta_page,0.0,0.0,0.0
1215.0,2023-04-18,insta_page,0.0,0.0,0.0
241.0,2023-04-19,insta_page,0.0,0.0,0.0
547.0,2023-04-20,insta_page,0.0,0.0,0.0
160.0,2023-04-21,insta_page,0.0,0.0,0.0
112.0,2023-04-22,insta_page,0.0,0.0,0.0
87.0,2023-04-23,insta_page,0.0,0.0,0.0
17.0,2023-04-24,insta_page,0.0,0.0,0.0
638.0,2023-04-25,insta_page,0.0,0.0,0.0
412.0,2023-04-26,insta_page,0.0,0.0,0.0
272.0,2023-04-27,insta_page,0.0,0.0,0.0
797.0,2023-04-28,insta_page,0.0,0.0,0.0
333.0,2023-04-29,insta_page,0.0,0.0,0.0
96.0,2023-04-30,insta_page,0.0,0.0,0.0
34.0,2023-05-01,insta_page,0.0,0.0,0.0
2251.0,2023-05-02,insta_page,0.0,0.0,0.0
1137.0,2023-05-03,insta_page,0.0,0.0,0.0
1445.0,2023-05-04,insta_page,0.0,0.0,0.0
457.0,2023-05-05,insta_page,0.0,0.0,0.0
115.0,2023-05-06,insta_page,0.0,0.0,0.0
93.0,2023-05-07,insta_page,0.0,0.0,0.0
1176.0,2023-05-08,insta_page,0.0,0.0,0.0
988.0,2023-05-09,insta_page,0.0,0.0,0.0
202.0,2023-05-10,insta_page,0.0,0.0,0.0
249.0,2023-05-11,insta_page,0.0,0.0,0.0
154.0,2023-05-12,insta_page,0.0,0.0,0.0
36.0,2023-05-13,insta_page,0.0,0.0,0.0
20.0,2023-05-14,insta_page,0.0,0.0,0.0
820.0,2023-05-15,insta_page,0.0,0.0,0.0
881.0,2023-05-16,insta_page,0.0,0.0,0.0
1259.0,2023-05-17,insta_page,0.0,0.0,0.0
362.0,2023-05-18,insta_page,0.0,0.0,0.0
120.0,2023-05-19,insta_page,0.0,0.0,0.0
60.0,2023-05-20,insta_page,0.0,0.0,0.0
30.0,2023-05-21,insta_page,0.0,0.0,0.0
84.0,2023-05-22,insta_page,0.0,0.0,0.0
3899.0,2023-05-23,insta_page,0.0,0.0,0.0
1996.0,2023-05-24,insta_page,0.0,0.0,0.0
1305.0,2023-05-25,insta_page,0.0,0.0,0.0
168.0,2023-05-26,insta_page,0.0,0.0,0.0
135.0,2023-05-27,insta_page,0.0,0.0,0.0
77.0,2023-05-28,insta_page,0.0,0.0,0.0
550.0,2023-05-29,insta_page,0.0,0.0,0.0
254.0,2023-05-30,insta_page,0.0,0.0,0.0
750.0,2023-05-31,insta_page,0.0,0.0,0.0
453.0,2023-06-01,insta_page,0.0,0.0,0.0
66.0,2023-06-02,insta_page,0.0,0.0,0.0
46.0,2023-06-03,insta_page,0.0,0.0,0.0
108.0,2023-06-04,insta_page,0.0,0.0,0.0
2207.0,2023-06-05,insta_page,0.0,0.0,0.0
1496.0,2023-06-06,insta_page,0.0,0.0,0.0
1733.0,2023-06-07,insta_page,0.0,0.0,0.0
759.0,2023-06-08,insta_page,0.0,0.0,0.0
239.0,2023-06-09,insta_page,0.0,0.0,0.0
137.0,2023-06-10,insta_page,0.0,0.0,0.0
43.0,2023-06-11,insta_page,0.0,0.0,0.0
47.0,2023-06-12,insta_page,0.0,0.0,0.0
744.0,2023-06-13,insta_page,0.0,0.0,0.0
732.0,2023-06-14,insta_page,0.0,0.0,0.0
484.0,2023-06-15,insta_page,0.0,0.0,0.0
32.0,2023-06-16,insta_page,0.0,0.0,0.0
26.0,2023-06-17,insta_page,0.0,0.0,0.0
250.0,2023-06-18,insta_page,0.0,0.0,0.0
133.0,2023-06-19,insta_page,0.0,0.0,0.0
58.0,2023-06-20,insta_page,0.0,0.0,0.0
1025.0,2023-06-21,insta_page,0.0,0.0,0.0
491.0,2023-06-22,insta_page,0.0,0.0,0.0
377.0,2023-06-23,insta_page,0.0,0.0,0.0
191.0,2023-06-24,insta_page,0.0,0.0,0.0
151.0,2023-06-25,insta_page,0.0,0.0,0.0
598.0,2023-06-26,insta_page,0.0,0.0,0.0
263.0,2023-06-27,insta_page,0.0,0.0,0.0
103.0,2023-06-28,insta_page,0.0,0.0,0.0
763.0,2023-06-29,insta_page,0.0,0.0,0.0
349.0,2023-06-30,insta_page,0.0,0.0,0.0
110.0,2023-07-01,insta_page,0.0,0.0,0.0
57.0,2023-07-02,insta_page,0.0,0.0,0.0
24.0,2023-07-03,insta_page,0.0,0.0,0.0
552.0,2023-07-04,insta_page,0.0,0.0,0.0
448.0,2023-07-05,insta_page,0.0,0.0,0.0
251.0,2023-07-06,insta_page,0.0,0.0,0.0
539.0,2023-07-07,insta_page,0.0,0.0,0.0
162.0,2023-07-08,insta_page,0.0,0.0,0.0
23.0,2023-07-09,insta_page,0.0,0.0,0.0
298.0,2023-07-10,insta_page,0.0,0.0,0.0
529.0,2023-07-11,insta_page,0.0,0.0,0.0
739.0,2023-07-12,insta_page,0.0,0.0,0.0
418.0,2023-07-13,insta_page,0.0,0.0,0.0
360.0,2023-07-14,insta_page,0.0,0.0,0.0
108.0,2023-07-15,insta_page,0.0,0.0,0.0
63.0,2023-07-16,insta_page,0.0,0.0,0.0
688.0,2023-07-17,insta_page,0.0,0.0,0.0
171.0,2023-07-18,insta_page,0.0,0.0,0.0
612.0,2023-07-19,insta_page,0.0,0.0,0.0
63.0,2023-07-20,insta_page,0.0,0.0,0.0
2435.0,2023-07-21,insta_page,0.0,0.0,0.0
1518.0,2023-07-22,insta_page,0.0,0.0,0.0
941.0,2023-07-23,insta_page,0.0,0.0,0.0
692.0,2023-07-24,insta_page,0.0,0.0,0.0
269.0,2023-07-25,insta_page,0.0,0.0,0.0
585.0,2023-07-26,insta_page,0.0,0.0,0.0
1567.0,2023-07-27,insta_page,0.0,0.0,0.0
527.0,2023-07-28,insta_page,0.0,0.0,0.0
336.0,2023-07-29,insta_page,0.0,0.0,0.0
225.0,2023-07-30,insta_page,0.0,0.0,0.0
1754.0,2023-07-31,insta_page,0.0,0.0,0.0
5720.0,2023-08-01,insta_page,0.0,0.0,0.0
4780.0,2023-08-02,insta_page,0.0,0.0,0.0
4967.0,2023-08-03,insta_page,0.0,0.0,0.0
754.0,2023-08-04,insta_page,0.0,0.0,0.0
1048.0,2023-08-05,insta_page,0.0,0.0,0.0
1512.0,2023-08-06,insta_page,0.0,0.0,0.0
2466.0,2023-08-07,insta_page,0.0,0.0,0.0
5488.0,2023-08-08,insta_page,0.0,0.0,0.0
7729.0,2023-08-09,insta_page,0.0,0.0,0.0
9790.0,2023-08-10,insta_page,0.0,0.0,0.0
9488.0,2023-08-11,insta_page,0.0,0.0,0.0
11365.0,2023-08-12,insta_page,0.0,0.0,0.0
16250.0,2023-08-13,insta_page,0.0,0.0,0.0
15380.0,2023-08-14,insta_page,0.0,0.0,0.0
18201.0,2023-08-15,insta_page,0.0,0.0,0.0
19279.0,2023-08-16,insta_page,0.0,0.0,0.0
17881.0,2023-08-17,insta_page,0.0,0.0,0.0
14149.0,2023-08-18,insta_page,0.0,0.0,0.0
11130.0,2023-08-19,insta_page,0.0,0.0,0.0
13796.0,2023-08-20,insta_page,0.0,0.0,0.0
14476.0,2023-08-21,insta_page,0.0,0.0,0.0
8112.0,2023-08-22,insta_page,0.0,0.0,0.0
7482.0,2023-08-23,insta_page,0.0,0.0,0.0
10668.0,2023-08-24,insta_page,0.0,0.0,0.0
12588.0,2023-08-25,insta_page,0.0,0.0,0.0
16853.0,2023-08-26,insta_page,0.0,0.0,0.0
17478.0,2023-08-27,insta_page,0.0,0.0,0.0
13619.0,2023-08-28,insta_page,0.0,0.0,0.0
8832.0,2023-08-29,insta_page,0.0,0.0,0.0
9990.0,2023-08-30,insta_page,0.0,0.0,0.0
10673.0,2023-08-31,insta_page,0.0,0.0,0.0
5955.0,2023-09-01,insta_page,0.0,0.0,0.0
5166.0,2023-09-02,insta_page,0.0,0.0,0.0
5236.0,2023-09-03,insta_page,0.0,0.0,0.0
6411.0,2023-09-04,insta_page,0.0,0.0,0.0
5864.0,2023-09-05,insta_page,0.0,0.0,0.0
4683.0,2023-09-06,insta_page,0.0,0.0,0.0
3502.0,2023-09-07,insta_page,0.0,0.0,0.0
3961.0,2023-09-08,insta_page,0.0,0.0,0.0
5102.0,2023-09-09,insta_page,0.0,0.0,0.0
5214.0,2023-09-10,insta_page,0.0,0.0,0.0
9788.0,2023-09-11,insta_page,0.0,0.0,0.0
8309.0,2023-09-12,insta_page,0.0,0.0,0.0
7476.0,2023-09-13,insta_page,0.0,0.0,0.0
4700.0,2023-09-14,insta_page,0.0,0.0,0.0
5912.0,2023-09-15,insta_page,0.0,0.0,0.0
3895.0,2023-09-16,insta_page,0.0,0.0,0.0
1954.0,2023-09-17,insta_page,0.0,0.0,0.0
3964.0,2023-09-18,insta_page,0.0,0.0,0.0
4892.0,2023-09-19,insta_page,0.0,0.0,0.0
3912.0,2023-09-20,insta_page,0.0,0.0,0.0
3420.0,2023-09-21,insta_page,0.0,0.0,0.0
3078.0,2023-09-22,insta_page,0.0,0.0,0.0
2866.0,2023-09-23,insta_page,0.0,0.0,0.0
2938.0,2023-09-24,insta_page,0.0,0.0,0.0
3600.0,2023-09-25,insta_page,0.0,0.0,0.0
7126.0,2023-09-26,insta_page,0.0,0.0,0.0
7601.0,2023-09-27,insta_page,0.0,0.0,0.0
4627.0,2023-09-28,insta_page,0.0,0.0,0.0
4174.0,2023-09-29,insta_page,0.0,0.0,0.0
6280.0,2023-09-30,insta_page,0.0,0.0,0.0
5782.0,2023-10-01,insta_page,0.0,0.0,0.0
8086.0,2023-10-02,insta_page,0.0,0.0,0.0
6176.0,2023-10-03,insta_page,0.0,0.0,0.0
4510.0,2023-10-04,insta_page,0.0,0.0,0.0
3112.0,2023-10-05,insta_page,0.0,0.0,0.0
1967.0,2023-10-06,insta_page,0.0,0.0,0.0
2845.0,2023-10-07,insta_page,0.0,0.0,0.0
2656.0,2023-10-08,insta_page,0.0,0.0,0.0
3264.0,2023-10-09,insta_page,0.0,0.0,0.0
6659.0,2023-10-10,insta_page,0.0,0.0,0.0
7394.0,2023-10-11,insta_page,0.0,0.0,0.0
61049.0,2023-10-12,insta_page,0.0,0.0,0.0
212567.0,2023-10-13,insta_page,0.0,0.0,0.0
259518.0,2023-10-14,insta_page,0.0,0.0,0.0
168020.0,2023-10-15,insta_page,0.0,0.0,0.0
116074.0,2023-10-16,insta_page,0.0,0.0,0.0
162110.0,2023-10-17,insta_page,0.0,0.0,0.0
166165.0,2023-10-18,insta_page,0.0,0.0,0.0
121518.0,2023-10-19,insta_page,0.0,0.0,0.0
85003.0,2023-10-20,insta_page,0.0,0.0,0.0
62051.0,2023-10-21,insta_page,0.0,0.0,0.0
64002.0,2023-10-22,insta_page,0.0,0.0,0.0
40210.0,2023-10-23,insta_page,0.0,0.0,0.0
27412.0,2023-10-24,insta_page,0.0,0.0,0.0
21483.0,2023-10-25,insta_page,0.0,0.0,0.0
20445.0,2023-10-26,insta_page,0.0,0.0,0.0
24696.0,2023-10-27,insta_page,0.0,0.0,0.0
37645.0,2023-10-28,insta_page,0.0,0.0,0.0
50354.0,2023-10-29,insta_page,0.0,0.0,0.0
57680.0,2023-10-30,insta_page,0.0,0.0,0.0
56640.0,2023-10-31,insta_page,0.0,0.0,0.0
58048.0,2023-11-01,insta_page,0.0,0.0,0.0
60690.0,2023-11-02,insta_page,0.0,0.0,0.0
52342.0,2023-11-03,insta_page,0.0,0.0,0.0
70720.0,2023-11-04,insta_page,0.0,0.0,0.0
86715.0,2023-11-05,insta_page,0.0,0.0,0.0
92114.0,2023-11-06,insta_page,0.0,0.0,0.0
38870.0,2023-11-07,insta_page,0.0,0.0,0.0
25573.0,2023-11-08,insta_page,0.0,0.0,0.0
22175.0,2023-11-09,insta_page,0.0,0.0,0.0
33222.0,2023-11-10,insta_page,0.0,0.0,0.0
46687.0,2023-11-11,insta_page,0.0,0.0,0.0
54874.0,2023-11-12,insta_page,0.0,0.0,0.0
37833.0,2023-11-13,insta_page,0.0,0.0,0.0
35310.0,2023-11-14,insta_page,0.0,0.0,0.0
44916.0,2023-11-15,insta_page,0.0,0.0,0.0
59333.0,2023-11-16,insta_page,0.0,0.0,0.0
30652.0,2023-11-17,insta_page,0.0,0.0,0.0
16222.0,2023-11-18,insta_page,0.0,0.0,0.0
3973.0,2023-11-19,insta_page,0.0,0.0,0.0
2915.0,2023-11-20,insta_page,0.0,0.0,0.0
3537.0,2023-11-21,insta_page,0.0,0.0,0.0
3043.0,2023-11-22,insta_page,0.0,0.0,0.0
1823.0,2023-11-23,insta_page,0.0,0.0,0.0
1196.0,2023-11-24,insta_page,0.0,0.0,0.0
1507.0,2023-11-25,insta_page,0.0,0.0,0.0
715.0,2023-11-26,insta_page,0.0,0.0,0.0
730.0,2023-11-27,insta_page,0.0,0.0,0.0
11141.0,2023-11-28,insta_page,0.0,0.0,0.0
13205.0,2023-11-29,insta_page,0.0,0.0,0.0
5452.0,2023-11-30,insta_page,0.0,0.0,0.0
2306.0,2023-12-01,insta_page,0.0,0.0,0.0
1636.0,2023-12-02,insta_page,0.0,0.0,0.0
833.0,2023-12-03,insta_page,0.0,0.0,0.0
7736.0,2023-12-04,insta_page,0.0,0.0,0.0
5129.0,2023-12-05,insta_page,0.0,0.0,0.0
2886.0,2023-12-06,insta_page,0.0,0.0,0.0
18304.0,2023-12-07,insta_page,0.0,0.0,0.0
31140.0,2023-12-08,insta_page,0.0,0.0,0.0
56011.0,2023-12-09,insta_page,0.0,0.0,0.0
45626.0,2023-12-10,insta_page,0.0,0.0,0.0
95003.0,2023-12-11,insta_page,0.0,0.0,0.0
652376.0,2023-12-12,insta_page,0.0,0.0,0.0
3344075.0,2023-12-13,insta_page,0.0,0.0,0.0
2659612.0,2023-12-14,insta_page,0.0,0.0,0.0
3725116.0,2023-12-15,insta_page,0.0,0.0,0.0
2057760.0,2023-12-16,insta_page,0.0,0.0,0.0
657706.0,2023-12-17,insta_page,0.0,0.0,0.0
452561.0,2023-12-18,insta_page,0.0,0.0,0.0
339528.0,2023-12-19,insta_page,0.0,0.0,0.0
332358.0,2023-12-20,insta_page,0.0,0.0,0.0
311673.0,2023-12-21,insta_page,0.0,0.0,0.0
419610.0,2023-12-22,insta_page,0.0,0.0,0.0
332793.0,2023-12-23,insta_page,0.0,0.0,0.0
229610.0,2023-12-24,insta_page,0.0,0.0,0.0
134634.0,2023-12-25,insta_page,0.0,0.0,0.0
112289.0,2023-12-26,insta_page,0.0,0.0,0.0
87883.0,2023-12-27,insta_page,0.0,0.0,0.0
131094.0,2023-12-28,insta_page,0.0,0.0,0.0
90979.0,2023-12-29,insta_page,0.0,0.0,0.0
132749.0,2023-12-30,insta_page,0.0,0.0,0.0
261316.0,2023-12-31,insta_page,0.0,0.0,0.0
497496.0,2024-01-01,insta_page,0.0,0.0,0.0
434251.0,2024-01-02,insta_page,0.0,0.0,0.0
363554.0,2024-01-03,insta_page,0.0,0.0,0.0
321706.0,2024-01-04,insta_page,0.0,0.0,0.0
309533.0,2024-01-05,insta_page,0.0,0.0,0.0
530982.0,2024-01-06,insta_page,0.0,0.0,0.0
639443.0,2024-01-07,insta_page,0.0,0.0,0.0
235339.0,2024-01-08,insta_page,0.0,0.0,0.0
268211.0,2024-01-09,insta_page,0.0,0.0,0.0
272942.0,2024-01-10,insta_page,0.0,0.0,0.0
298924.0,2024-01-11,insta_page,0.0,0.0,0.0
405999.0,2024-01-12,insta_page,0.0,0.0,0.0
701162.0,2024-01-13,insta_page,0.0,0.0,0.0
860347.0,2024-01-14,insta_page,0.0,0.0,0.0
373164.0,2024-01-15,insta_page,0.0,0.0,0.0
168744.0,2024-01-16,insta_page,0.0,0.0,0.0
232437.0,2024-01-17,insta_page,0.0,0.0,0.0
288027.0,2024-01-18,insta_page,0.0,0.0,0.0
309887.0,2024-01-19,insta_page,0.0,0.0,0.0
293511.0,2024-01-20,insta_page,0.0,0.0,0.0
167361.0,2024-01-21,insta_page,0.0,0.0,0.0
118989.0,2024-01-22,insta_page,0.0,0.0,0.0
158812.0,2024-01-23,insta_page,0.0,0.0,0.0
206405.0,2024-01-24,insta_page,0.0,0.0,0.0
225595.0,2024-01-25,insta_page,0.0,0.0,0.0
173512.0,2024-01-26,insta_page,0.0,0.0,0.0
151444.0,2024-01-27,insta_page,0.0,0.0,0.0
145027.0,2024-01-28,insta_page,0.0,0.0,0.0
106858.0,2024-01-29,insta_page,0.0,0.0,0.0
118933.0,2024-01-30,insta_page,0.0,0.0,0.0
140738.0,2024-01-31,insta_page,0.0,0.0,0.0
168138.0,2024-02-01,insta_page,0.0,0.0,0.0
205809.0,2024-02-02,insta_page,0.0,0.0,0.0
162320.0,2024-02-03,insta_page,0.0,0.0,0.0
179882.0,2024-02-04,insta_page,0.0,0.0,0.0
137357.0,2024-02-05,insta_page,0.0,0.0,0.0
158338.0,2024-02-06,insta_page,0.0,0.0,0.0
246259.0,2024-02-07,insta_page,0.0,0.0,0.0
240244.0,2024-02-08,insta_page,0.0,0.0,0.0
157818.0,2024-02-09,insta_page,0.0,0.0,0.0
89988.0,2024-02-10,insta_page,0.0,0.0,0.0
39512.0,2024-02-11,insta_page,0.0,0.0,0.0
43024.0,2024-02-12,insta_page,0.0,0.0,0.0
41061.0,2024-02-13,insta_page,0.0,0.0,0.0
39957.0,2024-02-14,insta_page,0.0,0.0,0.0
30915.0,2024-02-15,insta_page,0.0,0.0,0.0
26316.0,2024-02-16,insta_page,0.0,0.0,0.0
16762.0,2024-02-17,insta_page,0.0,0.0,0.0
18578.0,2024-02-18,insta_page,0.0,0.0,0.0
17531.0,2024-02-19,insta_page,0.0,0.0,0.0
27481.0,2024-02-20,insta_page,0.0,0.0,0.0
48539.0,2024-02-21,insta_page,0.0,0.0,0.0
47781.0,2024-02-22,insta_page,0.0,0.0,0.0
61841.0,2024-02-23,insta_page,0.0,0.0,0.0
76511.0,2024-02-24,insta_page,0.0,0.0,0.0
51611.0,2024-02-25,insta_page,0.0,0.0,0.0
53889.0,2024-02-26,insta_page,0.0,0.0,0.0
61720.0,2024-02-27,insta_page,0.0,0.0,0.0
60461.0,2024-02-28,insta_page,0.0,0.0,0.0
43675.0,2024-02-29,insta_page,0.0,0.0,0.0
48418.0,2024-03-01,insta_page,0.0,0.0,0.0
41642.0,2024-03-02,insta_page,0.0,0.0,0.0
32967.0,2024-03-03,insta_page,0.0,0.0,0.0
42245.0,2024-03-04,insta_page,0.0,0.0,0.0
38819.0,2024-03-05,insta_page,0.0,0.0,0.0
94317.0,2024-03-06,insta_page,0.0,0.0,0.0
152646.0,2024-03-07,insta_page,0.0,0.0,0.0
471314.0,2024-03-08,insta_page,0.0,0.0,0.0
540525.0,2024-03-09,insta_page,0.0,0.0,0.0
476283.0,2024-03-10,insta_page,0.0,0.0,0.0
221442.0,2024-03-11,insta_page,0.0,0.0,0.0
115853.0,2024-03-12,insta_page,0.0,0.0,0.0
122685.0,2024-03-13,insta_page,0.0,0.0,0.0
150820.0,2024-03-14,insta_page,0.0,0.0,0.0
128455.0,2024-03-15,insta_page,0.0,0.0,0.0
116171.0,2024-03-16,insta_page,0.0,0.0,0.0
187005.0,2024-03-17,insta_page,0.0,0.0,0.0
148604.0,2024-03-18,insta_page,0.0,0.0,0.0
53793.0,2024-03-19,insta_page,0.0,0.0,0.0
46237.0,2024-03-20,insta_page,0.0,0.0,0.0
37086.0,2024-03-21,insta_page,0.0,0.0,0.0
38006.0,2024-03-22,insta_page,0.0,0.0,0.0
48765.0,2024-03-23,insta_page,0.0,0.0,0.0
38943.0,2024-03-24,insta_page,0.0,0.0,0.0
21183.0,2024-03-25,insta_page,0.0,0.0,0.0
27800.0,2024-03-26,insta_page,0.0,0.0,0.0
35420.0,2024-03-27,insta_page,0.0,0.0,0.0
20700.0,2024-03-28,insta_page,0.0,0.0,0.0
22994.0,2024-03-29,insta_page,0.0,0.0,0.0
13957.0,2024-03-30,insta_page,0.0,0.0,0.0
12315.0,2024-03-31,insta_page,0.0,0.0,0.0
19561.0,2024-04-01,insta_page,0.0,0.0,0.0
16643.0,2024-04-02,insta_page,0.0,0.0,0.0
12699.0,2024-04-03,insta_page,0.0,0.0,0.0
77934.0,2024-04-04,insta_page,0.0,0.0,0.0
74388.0,2024-04-05,insta_page,0.0,0.0,0.0
148200.0,2024-04-06,insta_page,0.0,0.0,0.0
63130.0,2024-04-07,insta_page,0.0,0.0,0.0
37226.0,2024-04-08,insta_page,0.0,0.0,0.0
25779.0,2024-04-09,insta_page,0.0,0.0,0.0
21816.0,2024-04-10,insta_page,0.0,0.0,0.0
70563.0,2024-04-11,insta_page,0.0,0.0,0.0
55532.0,2024-04-12,insta_page,0.0,0.0,0.0
47126.0,2024-04-13,insta_page,0.0,0.0,0.0
31448.0,2024-04-14,insta_page,0.0,0.0,0.0
28868.0,2024-04-15,insta_page,0.0,0.0,0.0
20722.0,2024-04-16,insta_page,0.0,0.0,0.0
17078.0,2024-04-17,insta_page,0.0,0.0,0.0
14846.0,2024-04-18,insta_page,0.0,0.0,0.0
13052.0,2024-04-19,insta_page,0.0,0.0,0.0
13428.0,2024-04-20,insta_page,0.0,0.0,0.0
44086.0,2024-04-21,insta_page,0.0,0.0,0.0
34893.0,2024-04-22,insta_page,101.0,1675.0,34.0
18028.0,2024-04-23,insta_page,48.0,780.0,11.0
12134.0,2024-04-24,insta_page,39.0,543.0,16.0
52468.0,2024-04-25,insta_page,283.0,5351.0,197.0
41497.0,2024-04-26,insta_page,142.0,2721.0,76.0
25392.0,2024-04-27,insta_page,58.0,1311.0,25.0
22734.0,2024-04-28,insta_page,62.0,954.0,26.0
44577.0,2024-04-29,insta_page,173.0,2578.0,118.0
56654.0,2024-04-30,insta_page,130.0,3262.0,153.0
89326.0,2024-05-01,insta_page,185.0,6807.0,225.0
133416.0,2024-05-02,insta_page,155.0,11353.0,381.0
596709.0,2024-05-03,insta_page,1037.0,40296.0,1513.0
1223870.0,2024-05-04,insta_page,2153.0,78613.0,2199.0
880841.0,2024-05-05,insta_page,939.0,44497.0,921.0
405948.0,2024-05-06,insta_page,384.0,22638.0,555.0
154689.0,2024-05-07,insta_page,122.0,10581.0,265.0
129178.0,2024-05-08,insta_page,110.0,9040.0,164.0
69517.0,2024-05-09,insta_page,91.0,4544.0,94.0
83668.0,2024-05-10,insta_page,188.0,5011.0,138.0
65153.0,2024-05-11,insta_page,101.0,3602.0,80.0
62162.0,2024-05-12,insta_page,99.0,3819.0,103.0
40584.0,2024-05-13,insta_page,66.0,2715.0,69.0
38048.0,2024-05-14,insta_page,62.0,2432.0,57.0
27130.0,2024-05-15,insta_page,45.0,1022.0,24.0
19290.0,2024-05-16,insta_page,34.0,596.0,11.0
48985.0,2024-05-17,insta_page,359.0,3538.0,125.0
30962.0,2024-05-18,insta_page,174.0,2014.0,42.0
20368.0,2024-05-19,insta_page,102.0,1390.0,34.0
13623.0,2024-05-20,insta_page,58.0,1075.0,26.0
27489.0,2024-05-21,insta_page,135.0,1209.0,31.0
22923.0,2024-05-22,insta_page,123.0,1045.0,35.0
38801.0,2024-05-23,insta_page,210.0,1529.0,24.0
67351.0,2024-05-24,insta_page,423.0,2914.0,55.0
43416.0,2024-05-25,insta_page,275.0,2047.0,30.0
31927.0,2024-05-26,insta_page,203.0,1586.0,26.0
47389.0,2024-05-27,insta_page,215.0,2603.0,52.0
29228.0,2024-05-28,insta_page,131.0,1496.0,42.0
16184.0,2024-05-29,insta_page,87.0,919.0,27.0
23350.0,2024-05-30,insta_page,63.0,880.0,38.0
20455.0,2024-05-31,insta_page,77.0,1123.0,22.0
17999.0,2024-06-01,insta_page,92.0,967.0,36.0
17779.0,2024-06-02,insta_page,124.0,1019.0,40.0
16762.0,2024-06-03,insta_page,68.0,719.0,35.0
37487.0,2024-06-04,insta_page,255.0,2764.0,117.0
20626.0,2024-06-05,insta_page,105.0,1409.0,56.0
13342.0,2024-06-06,insta_page,54.0,844.0,27.0
21052.0,2024-06-07,insta_page,92.0,1030.0,52.0
33849.0,2024-06-08,insta_page,115.0,1912.0,51.0
19214.0,2024-06-09,insta_page,130.0,1614.0,43.0
10904.0,2024-06-10,insta_page,60.0,837.0,22.0
8983.0,2024-06-11,insta_page,81.0,671.0,19.0
14783.0,2024-06-12,insta_page,48.0,725.0,21.0
9291.0,2024-06-13,insta_page,25.0,488.0,25.0
18898.0,2024-06-14,insta_page,34.0,629.0,37.0
10929.0,2024-06-15,insta_page,21.0,492.0,16.0
5563.0,2024-06-16,insta_page,17.0,395.0,10.0
12612.0,2024-06-17,insta_page,30.0,643.0,32.0
8606.0,2024-06-18,insta_page,23.0,464.0,17.0
4172.0,2024-06-19,insta_page,11.0,281.0,6.0
26862.0,2024-06-20,insta_page,54.0,921.0,34.0
22144.0,2024-06-21,insta_page,21.0,794.0,18.0
11637.0,2024-06-22,insta_page,31.0,502.0,26.0
7710.0,2024-06-23,insta_page,20.0,474.0,14.0
15509.0,2024-06-24,insta_page,29.0,665.0,26.0
13301.0,2024-06-25,insta_page,16.0,591.0,26.0
9412.0,2024-06-26,insta_page,8.0,424.0,24.0
4123.0,2024-06-27,insta_page,3.0,272.0,10.0
9724.0,2024-06-28,insta_page,24.0,363.0,13.0
6504.0,2024-06-29,insta_page,12.0,336.0,12.0
4328.0,2024-06-30,insta_page,11.0,324.0,6.0
44967.0,2024-07-01,insta_page,266.0,4174.0,165.0
31670.0,2024-07-02,insta_page,76.0,1969.0,64.0
22540.0,2024-07-03,insta_page,47.0,1290.0,35.0
12745.0,2024-07-04,insta_page,25.0,715.0,21.0
18318.0,2024-07-05,insta_page,19.0,1062.0,56.0
18625.0,2024-07-06,insta_page,16.0,748.0,37.0
12054.0,2024-07-07,insta_page,11.0,727.0,24.0
22988.0,2024-07-08,insta_page,23.0,763.0,52.0
11464.0,2024-07-09,insta_page,16.0,424.0,35.0
9959.0,2024-07-10,insta_page,13.0,468.0,15.0
20176.0,2024-07-11,insta_page,76.0,1559.0,70.0
19842.0,2024-07-12,insta_page,51.0,1216.0,38.0
13260.0,2024-07-13,insta_page,17.0,935.0,30.0
8712.0,2024-07-14,insta_page,22.0,752.0,38.0
27609.0,2024-07-15,insta_page,132.0,1851.0,81.0
45753.0,2024-07-16,insta_page,155.0,2883.0,108.0
27271.0,2024-07-17,insta_page,67.0,1729.0,56.0
33299.0,2024-07-18,insta_page,47.0,3011.0,102.0
93047.0,2024-07-19,insta_page,53.0,6175.0,171.0
21053.0,2024-07-20,insta_page,31.0,1876.0,47.0
7245.0,2024-07-21,insta_page,12.0,689.0,27.0
3903.0,2024-07-22,insta_page,11.0,414.0,21.0
33237.0,2024-07-23,insta_page,157.0,1763.0,44.0
21400.0,2024-07-24,insta_page,31.0,944.0,38.0
11902.0,2024-07-25,insta_page,46.0,431.0,12.0
7122.0,2024-07-26,insta_page,7.0,242.0,4.0
2340.0,2024-07-27,insta_page,4.0,74.0,0.0
1746.0,2024-07-28,insta_page,7.0,36.0,0.0
1133.0,2024-07-29,insta_page,3.0,16.0,0.0
8687.0,2024-07-30,insta_page,4.0,178.0,6.0
16024.0,2024-07-31,insta_page,49.0,749.0,16.0
14496.0,2024-08-01,insta_page,18.0,390.0,4.0
10859.0,2024-08-02,insta_page,30.0,420.0,13.0
8783.0,2024-08-03,insta_page,31.0,356.0,12.0
3502.0,2024-08-04,insta_page,6.0,127.0,2.0
11926.0,2024-08-05,insta_page,6.0,359.0,11.0
18993.0,2024-08-06,insta_page,5.0,411.0,46.0
9607.0,2024-08-07,insta_page,7.0,157.0,4.0
5815.0,2024-08-08,insta_page,27.0,279.0,5.0
2996.0,2024-08-09,insta_page,3.0,121.0,2.0
1406.0,2024-08-10,insta_page,1.0,50.0,0.0
1254.0,2024-08-11,insta_page,5.0,32.0,1.0
29174.0,2024-08-12,insta_page,104.0,2785.0,131.0
23955.0,2024-08-13,insta_page,48.0,1320.0,33.0
10532.0,2024-08-14,insta_page,17.0,586.0,15.0
9340.0,2024-08-15,insta_page,23.0,406.0,24.0
6357.0,2024-08-16,insta_page,7.0,192.0,6.0
1953.0,2024-08-17,insta_page,3.0,36.0,1.0
1706.0,2024-08-18,insta_page,3.0,41.0,2.0
1167.0,2024-08-19,insta_page,1.0,20.0,0.0
13350.0,2024-08-20,insta_page,38.0,957.0,39.0
9041.0,2024-08-21,insta_page,23.0,440.0,20.0
40236.0,2024-08-22,insta_page,36.0,734.0,17.0
27354.0,2024-08-23,insta_page,27.0,868.0,20.0
16679.0,2024-08-24,insta_page,27.0,600.0,5.0
6388.0,2024-08-25,insta_page,8.0,223.0,7.0
7174.0,2024-08-26,insta_page,11.0,288.0,18.0
8508.0,2024-08-27,insta_page,6.0,368.0,19.0
3239.0,2024-08-28,insta_page,3.0,137.0,8.0
1860.0,2024-08-29,insta_page,5.0,71.0,0.0
6487.0,2024-08-30,insta_page,17.0,220.0,4.0
4524.0,2024-08-31,insta_page,10.0,130.0,2.0
1938.0,2024-09-01,insta_page,3.0,42.0,0.0
1198.0,2024-09-02,insta_page,0.0,25.0,1.0
15119.0,2024-09-03,insta_page,40.0,1249.0,56.0
16062.0,2024-09-04,insta_page,8.0,544.0,38.0
14606.0,2024-09-05,insta_page,42.0,975.0,28.0
9321.0,2024-09-06,insta_page,38.0,534.0,15.0
3431.0,2024-09-07,insta_page,9.0,163.0,1.0
2120.0,2024-09-08,insta_page,3.0,72.0,1.0
11011.0,2024-09-09,insta_page,1.0,103.0,4.0
4143.0,2024-09-10,insta_page,0.0,35.0,0.0
23855.0,2024-09-11,insta_page,73.0,1633.0,60.0
23496.0,2024-09-12,insta_page,66.0,1171.0,24.0
8886.0,2024-09-13,insta_page,27.0,444.0,6.0
3612.0,2024-09-14,insta_page,5.0,174.0,0.0
2277.0,2024-09-15,insta_page,9.0,91.0,0.0
7091.0,2024-09-16,insta_page,18.0,469.0,14.0
17198.0,2024-09-17,insta_page,27.0,669.0,18.0
10073.0,2024-09-18,insta_page,20.0,260.0,2.0
10709.0,2024-09-19,insta_page,18.0,336.0,14.0
6818.0,2024-09-20,insta_page,9.0,155.0,4.0
3707.0,2024-09-21,insta_page,0.0,86.0,1.0
2526.0,2024-09-22,insta_page,8.0,52.0,1.0
3228.0,2024-09-23,insta_page,3.0,31.0,0.0
11728.0,2024-09-24,insta_page,25.0,347.0,15.0
11406.0,2024-09-25,insta_page,24.0,361.0,24.0
7431.0,2024-09-26,insta_page,7.0,97.0,2.0
9358.0,2024-09-27,insta_page,9.0,211.0,6.0
6030.0,2024-09-28,insta_page,2.0,110.0,4.0
2743.0,2024-09-29,insta_page,5.0,67.0,1.0
5474.0,2024-09-30,insta_page,3.0,274.0,6.0
15220.0,2024-10-01,insta_page,8.0,704.0,16.0
10243.0,2024-10-02,insta_page,9.0,300.0,15.0
12832.0,2024-10-03,insta_page,59.0,879.0,26.0
4542.0,2024-10-04,insta_page,11.0,274.0,6.0
2828.0,2024-10-05,insta_page,11.0,171.0,1.0
2112.0,2024-10-06,insta_page,6.0,70.0,0.0
32039.0,2024-10-07,insta_page,17.0,1132.0,55.0
18415.0,2024-10-08,insta_page,40.0,984.0,57.0
7744.0,2024-10-09,insta_page,16.0,428.0,43.0
6412.0,2024-10-10,insta_page,5.0,162.0,2.0
5825.0,2024-10-11,insta_page,4.0,221.0,3.0
2223.0,2024-10-12,insta_page,0.0,87.0,2.0
1710.0,2024-10-13,insta_page,3.0,48.0,1.0
8853.0,2024-10-14,insta_page,36.0,751.0,18.0
5161.0,2024-10-15,insta_page,25.0,443.0,4.0
2793.0,2024-10-16,insta_page,5.0,134.0,2.0
1300.0,2024-10-17,insta_page,4.0,72.0,1.0
762.0,2024-10-18,insta_page,0.0,29.0,1.0
506.0,2024-10-19,insta_page,4.0,21.0,1.0
653.0,2024-10-20,insta_page,0.0,13.0,3.0
10860.0,2024-10-21,insta_page,9.0,155.0,9.0
13130.0,2024-10-22,insta_page,131.0,655.0,193.0
13302.0,2024-10-23,insta_page,72.0,394.0,99.0
4720.0,2024-10-24,insta_page,13.0,137.0,18.0
1603.0,2024-10-25,insta_page,42.0,59.0,5.0
822.0,2024-10-26,insta_page,3.0,26.0,3.0
2621.0,2024-10-27,insta_page,7.0,43.0,14.0
9082.0,2024-10-28,insta_page,21.0,521.0,22.0
4439.0,2024-10-29,insta_page,11.0,227.0,12.0
10749.0,2024-10-30,insta_page,9.0,249.0,9.0
3555.0,2024-10-31,insta_page,1.0,45.0,3.0
3349.0,2024-11-01,insta_page,11.0,39.0,9.0
2042.0,2024-11-02,insta_page,1.0,5.0,2.0
5917.0,2024-11-03,insta_page,4.0,49.0,3.0
29591.0,2024-11-04,insta_page,145.0,2124.0,38.0
33500.0,2024-11-05,insta_page,76.0,1751.0,83.0
56737.0,2024-11-06,insta_page,47.0,1084.0,25.0
,2024-11-05,insta_post,30.0,883.0,29.0
,2024-11-04,insta_post,184.0,3603.0,94.0
5172.0,2024-11-03,insta_post,1.0,48.0,3.0
,2024-10-30,insta_post,3.0,212.0,7.0
,2024-10-28,insta_post,18.0,804.0,28.0
,2024-10-22,insta_post,231.0,1190.0,351.0
,2024-10-21,insta_post,3.0,214.0,10.0
,2024-10-14,insta_post,59.0,1352.0,22.0
,2024-10-11,insta_post,1.0,181.0,5.0
,2024-10-08,insta_post,76.0,1418.0,59.0
,2024-10-03,insta_post,96.0,1268.0,38.0
,2024-10-01,insta_post,10.0,755.0,29.0
13328.0,2024-09-30,insta_post,2.0,631.0,17.0
,2024-09-27,insta_post,8.0,318.0,20.0
,2024-09-25,insta_post,5.0,228.0,5.0
,2024-09-24,insta_post,33.0,595.0,29.0
,2024-09-19,insta_post,32.0,497.0,11.0
,2024-09-17,insta_post,17.0,420.0,11.0
,2024-09-16,insta_post,43.0,1100.0,23.0
,2024-09-12,insta_post,10.0,375.0,10.0
,2024-09-11,insta_post,151.0,3088.0,79.0
,2024-09-09,insta_post,1.0,122.0,1.0
,2024-09-05,insta_post,71.0,1457.0,37.0
,2024-09-04,insta_post,1.0,324.0,25.0
,2024-09-03,insta_post,45.0,1730.0,76.0
,2024-08-30,insta_post,14.0,366.0,10.0
,2024-08-27,insta_post,12.0,380.0,17.0
,2024-08-26,insta_post,8.0,390.0,17.0
,2024-08-23,insta_post,60.0,1276.0,30.0
,2024-08-22,insta_post,29.0,976.0,13.0
,2024-08-20,insta_post,74.0,1594.0,70.0
,2024-08-15,insta_post,2.0,99.0,6.0
,2024-08-13,insta_post,6.0,273.0,9.0
,2024-08-12,insta_post,163.0,4809.0,177.0
,2024-08-08,insta_post,23.0,386.0,6.0
,2024-08-06,insta_post,18.0,497.0,18.0
,2024-08-05,insta_post,12.0,479.0,14.0
,2024-08-02,insta_post,50.0,660.0,24.0
,2024-07-31,insta_post,68.0,1311.0,18.0
,2024-07-30,insta_post,4.0,257.0,16.0
,2024-07-25,insta_post,3.0,332.0,8.0
,2024-07-24,insta_post,4.0,639.0,23.0
,2024-07-23,insta_post,171.0,1906.0,35.0
,2024-07-18,insta_post,35.0,1303.0,33.0
,2024-07-16,insta_post,149.0,2648.0,70.0
,2024-07-15,insta_post,204.0,2029.0,69.0
,2024-07-11,insta_post,141.0,2610.0,67.0
,2024-07-10,insta_post,6.0,270.0,13.0
,2024-07-08,insta_post,0.0,438.0,53.0
,2024-07-05,insta_post,19.0,901.0,11.0
,2024-07-03,insta_post,36.0,845.0,23.0
,2024-07-01,insta_post,330.0,6145.0,229.0
,2024-06-28,insta_post,9.0,343.0,5.0
,2024-06-25,insta_post,17.0,617.0,22.0
,2024-06-24,insta_post,22.0,633.0,22.0
,2024-06-21,insta_post,9.0,616.0,10.0
,2024-06-20,insta_post,67.0,1170.0,31.0
,2024-06-17,insta_post,26.0,667.0,16.0
,2024-06-14,insta_post,15.0,468.0,9.0
,2024-06-12,insta_post,4.0,396.0,8.0
,2024-06-07,insta_post,32.0,745.0,28.0
6418.0,2024-06-06,insta_post,1.0,136.0,0.0
,2024-06-04,insta_post,323.0,3318.0,123.0
,2024-05-31,insta_post,8.0,589.0,5.0
,2024-05-28,insta_post,4.0,258.0,9.0
,2024-05-27,insta_post,119.0,2091.0,40.0
,2024-05-24,insta_post,145.0,2110.0,29.0
,2024-05-23,insta_post,7.0,255.0,5.0
,2024-05-21,insta_post,44.0,1029.0,46.0
,2024-05-17,insta_post,2602.0,16880.0,357.0
,2024-05-15,insta_post,35.0,853.0,14.0
,2024-05-14,insta_post,0.0,155.0,3.0
,2024-05-10,insta_post,338.0,4383.0,113.0
,2024-05-07,insta_post,26.0,733.0,29.0
,2024-05-06,insta_post,104.0,1598.0,13.0
,2024-05-03,insta_post,228.0,5147.0,527.0
15633.0,2024-05-02,insta_post,1.0,267.0,7.0
,2024-05-01,insta_post,21.0,488.0,18.0
,2024-04-29,insta_post,334.0,4787.0,162.0
8358.0,2024-04-26,insta_post,0.0,103.0,1.0
,2024-04-25,insta_post,4814.0,260330.0,7488.0
,2024-04-22,insta_post,40.0,1734.0,45.0
,2024-04-21,insta_post,272.0,3502.0,53.0
12320.0,2024-04-17,insta_post,7.0,504.0,10.0
,2024-04-16,insta_post,26.0,1090.0,23.0
,2024-04-15,insta_post,13.0,755.0,37.0
,2024-04-12,insta_post,28.0,865.0,19.0
,2024-04-11,insta_post,467.0,10770.0,225.0
,2024-04-08,insta_post,4.0,235.0,4.0
,2024-04-05,insta_post,266.0,2962.0,71.0
,2024-04-04,insta_post,2576.0,20316.0,198.0
11724.0,2024-04-02,insta_post,1.0,372.0,4.0
,2024-04-01,insta_post,124.0,1725.0,42.0
,2024-03-29,insta_post,9.0,425.0,14.0
,2024-03-28,insta_post,48.0,647.0,10.0
12745.0,2024-03-27,insta_post,4.0,384.0,4.0
,2024-03-26,insta_post,15.0,470.0,139.0
8366.0,2024-03-21,insta_post,1.0,100.0,2.0
,2024-03-20,insta_post,25.0,396.0,10.0
28982.0,2024-03-19,insta_post,34.0,1545.0,30.0
,2024-03-18,insta_post,25.0,479.0,5.0
,2024-03-15,insta_post,121.0,2051.0,25.0
20629.0,2024-03-14,insta_post,18.0,1089.0,26.0
,2024-03-13,insta_post,138.0,1396.0,30.0
,2024-03-11,insta_post,58.0,1392.0,29.0
23295.0,2024-03-07,insta_post,24.0,1001.0,12.0
,2024-03-06,insta_post,14246.0,64165.0,399.0
,2024-03-05,insta_post,20.0,761.0,21.0
,2024-03-04,insta_post,44.0,1138.0,24.0
13584.0,2024-02-28,insta_post,10.0,489.0,10.0
,2024-02-27,insta_post,502.0,6866.0,1012.0
,2024-02-26,insta_post,526.0,7144.0,118.0
16185.0,2024-02-21,insta_post,14.0,649.0,6.0
,2024-02-20,insta_post,71.0,1615.0,65.0
,2024-02-19,insta_post,20.0,436.0,4.0
18555.0,2024-02-14,insta_post,9.0,824.0,12.0
,2024-02-13,insta_post,74.0,846.0,13.0
,2024-02-12,insta_post,745.0,4626.0,67.0
,2024-02-08,insta_post,381.0,6383.0,84.0
,2024-02-07,insta_post,169.0,1496.0,26.0
,2024-02-05,insta_post,44.0,715.0,21.0
14687.0,2024-01-31,insta_post,1.0,197.0,0.0
,2024-01-30,insta_post,194.0,2351.0,51.0
,2024-01-29,insta_post,153.0,1832.0,34.0
,2024-01-25,insta_post,32.0,637.0,10.0
17093.0,2024-01-24,insta_post,16.0,459.0,4.0
,2024-01-23,insta_post,108.0,2707.0,49.0
36652.0,2024-01-17,insta_post,86.0,2424.0,55.0
,2024-01-16,insta_post,80.0,1501.0,30.0
,2024-01-15,insta_post,513.0,3600.0,96.0
36875.0,2024-01-10,insta_post,123.0,1142.0,917.0
,2024-01-09,insta_post,4595.0,82793.0,266.0
,2024-01-08,insta_post,92.0,2534.0,52.0
15077.0,2024-01-04,insta_post,1.0,369.0,6.0
,2024-01-03,insta_post,27.0,1319.0,236.0
,2024-01-02,insta_post,446.0,3359.0,89.0
,2023-12-28,insta_post,36303.0,343742.0,2445.0
,2023-12-26,insta_post,627.0,7005.0,95.0
13207.0,2023-12-20,insta_post,1.0,96.0,0.0
,2023-12-18,insta_post,831.0,8557.0,110.0
,2023-12-13,insta_post,161.0,2799.0,31.0
,2023-12-11,insta_post,144120.0,1742977.0,1862.0
,2023-12-07,insta_post,3538.0,43538.0,285.0
,2023-12-04,insta_post,1181.0,6955.0,63.0
,2023-11-29,insta_post,232.0,2767.0,39.0
,2023-11-28,insta_post,1113.0,7199.0,72.0
16381.0,2023-11-22,insta_post,2.0,141.0,0.0
16944.0,2023-11-20,insta_post,5.0,149.0,4.0
,2023-11-16,insta_post,844.0,6793.0,139.0
,2023-11-14,insta_post,306.0,2631.0,102.0
,2023-11-10,insta_post,117.0,1494.0,7.0
,2023-11-06,insta_post,45.0,959.0,7.0
10307.0,2023-11-02,insta_post,0.0,44.0,0.0
,2023-10-31,insta_post,423.0,3171.0,41.0
,2023-10-30,insta_post,288.0,2815.0,80.0
7607.0,2023-10-25,insta_post,0.0,55.0,0.0
,2023-10-20,insta_post,114.0,1073.0,23.0
9812.0,2023-10-19,insta_post,0.0,68.0,2.0
,2023-10-12,insta_post,258.0,2214.0,69.0
9876.0,2023-10-10,insta_post,11.0,221.0,29.0
,2023-10-02,insta_post,584.0,2781.0,76.0
9698.0,2023-09-28,insta_post,7.0,302.0,38.0
,2023-09-26,insta_post,10696.0,96895.0,773.0
15455.0,2023-09-20,insta_post,15.0,350.0,5.0
,2023-09-18,insta_post,818.0,3703.0,57.0
13950.0,2023-09-14,insta_post,12.0,315.0,7.0
,2023-09-11,insta_post,158.0,1539.0,9.0
10038.0,2023-09-06,insta_post,4.0,155.0,0.0
,2023-09-04,insta_post,95.0,936.0,15.0
8282.0,2023-08-30,insta_post,0.0,278.0,4.0
,2023-08-28,insta_post,125.0,1885.0,33.0
,2023-08-24,insta_post,527.0,2650.0,35.0
,2023-08-22,insta_post,27.0,708.0,0.0
,2023-08-16,insta_post,209.0,2126.0,45.0
,2023-08-15,insta_post,53.0,941.0,6.0
7054.0,2023-08-09,insta_post,1.0,153.0,2.0
,2023-08-07,insta_post,46.0,792.0,6.0
4806.0,2023-08-02,insta_post,2.0,100.0,6.0
,2023-07-31,insta_post,1418.0,11651.0,89.0
7741.0,2023-07-27,insta_post,14.0,248.0,5.0
,2023-07-24,insta_post,2391.0,7108.0,40.0
,2023-07-21,insta_post,227.0,2082.0,46.0
,2023-07-17,insta_post,563.0,2402.0,57.0
4055.0,2023-07-12,insta_post,1.0,70.0,0.0
,2023-07-10,insta_post,23.0,690.0,4.0
4310.0,2023-07-06,insta_post,6.0,106.0,1.0
,2023-07-04,insta_post,103.0,734.0,4.0
3729.0,2023-06-29,insta_post,1.0,117.0,3.0
,2023-06-26,insta_post,111.0,925.0,15.0
2982.0,2023-06-23,insta_post,3.0,36.0,0.0
,2023-06-21,insta_post,11.0,445.0,6.0
2731.0,2023-06-18,insta_post,0.0,63.0,0.0
,2023-06-13,insta_post,37.0,648.0,5.0
5119.0,2023-06-07,insta_post,19.0,258.0,5.0
,2023-06-05,insta_post,237.0,1560.0,66.0
3903.0,2023-05-31,insta_post,3.0,165.0,2.0
,2023-05-29,insta_post,32.0,322.0,5.0
2472.0,2023-05-24,insta_post,3.0,42.0,2.0
,2023-05-23,insta_post,112.0,1364.0,21.0
,2023-05-17,insta_post,121.0,846.0,12.0
,2023-05-15,insta_post,19.0,601.0,9.0
1786.0,2023-05-09,insta_post,0.0,15.0,0.0
,2023-05-08,insta_post,36.0,607.0,10.0
1576.0,2023-05-04,insta_post,0.0,15.0,0.0
,2023-05-02,insta_post,37.0,609.0,16.0
2098.0,2023-04-28,insta_post,0.0,14.0,0.0
,2023-04-25,insta_post,283.0,1152.0,44.0
2553.0,2023-04-20,insta_post,2.0,54.0,0.0
,2023-04-18,insta_post,11.0,350.0,6.0
1962.0,2023-04-11,insta_post,0.0,33.0,2.0
,2023-04-10,insta_post,27.0,640.0,31.0
2077.0,2023-04-05,insta_post,0.0,10.0,0.0
,2023-04-04,insta_post,37.0,834.0,21.0
,2023-03-30,insta_post,196.0,1750.0,114.0
2797.0,2023-03-28,insta_post,2.0,76.0,2.0
,2023-03-22,insta_post,68.0,550.0,10.0
1637.0,2023-03-21,insta_post,1.0,31.0,0.0
,2023-03-17,insta_post,21.0,395.0,8.0
,2023-03-13,insta_post,14.0,732.0,11.0
,2023-03-09,insta_post,62.0,597.0,9.0
,2023-03-06,insta_post,109.0,830.0,36.0
2349.0,2023-03-02,insta_post,4.0,46.0,4.0
2760.0,2023-02-28,insta_post,6.0,126.0,0.0
,2023-02-27,insta_post,61.0,454.0,9.0
,2023-02-23,insta_post,98.0,399.0,12.0
,2023-02-22,insta_post,47.0,385.0,7.0
,2023-02-21,insta_post,22.0,356.0,11.0
,2023-02-16,insta_post,108.0,492.0,18.0
1019.0,2023-02-14,insta_post,0.0,14.0,0.0
,2023-02-13,insta_post,36.0,353.0,3.0
1029.0,2023-02-09,insta_post,0.0,18.0,0.0
,2023-02-08,insta_post,24.0,269.0,2.0
,2023-02-06,insta_post,128.0,551.0,20.0
,2023-02-02,insta_post,18.0,251.0,4.0
,2023-02-01,insta_post,10.0,233.0,3.0
,2023-01-31,insta_post,10.0,161.0,0.0
1371.0,2023-01-26,insta_post,0.0,42.0,1.0
,2023-01-25,insta_post,43.0,367.0,14.0
,2023-01-23,insta_post,5.0,201.0,3.0
1039.0,2023-01-20,insta_post,0.0,22.0,0.0
1081.0,2023-01-18,insta_post,0.0,35.0,1.0
,2023-01-17,insta_post,4.0,140.0,2.0
997.0,2023-01-11,insta_post,0.0,26.0,0.0
,2023-01-10,insta_post,7.0,163.0,7.0
,2023-01-09,insta_post,39.0,269.0,1.0
,2023-01-05,insta_post,12.0,196.0,5.0
,2023-01-04,insta_post,68.0,395.0,8.0
,2023-01-02,insta_post,19.0,236.0,7.0
1090.0,2022-12-30,insta_post,0.0,19.0,0.0
,2022-12-29,insta_post,12.0,215.0,4.0
,2022-12-27,insta_post,3.0,103.0,1.0
860.0,2022-12-22,insta_post,0.0,19.0,0.0
750.0,2022-12-20,insta_post,0.0,18.0,0.0
,2022-12-19,insta_post,3.0,131.0,3.0
998.0,2022-12-16,insta_post,0.0,22.0,0.0
,2022-12-13,insta_post,20.0,196.0,2.0
,2022-12-12,insta_post,38.0,525.0,12.0
,2022-12-07,insta_post,14.0,127.0,3.0
1353.0,2022-12-06,insta_post,1.0,47.0,2.0
,2022-12-05,insta_post,0.0,138.0,0.0
1683.0,2022-12-01,insta_post,1.0,46.0,3.0
,2022-11-29,insta_post,6.0,143.0,5.0
,2022-11-28,insta_post,11.0,153.0,3.0
497.0,2022-11-23,insta_post,0.0,9.0,0.0
597.0,2022-11-22,insta_post,0.0,36.0,0.0
,2022-11-21,insta_post,1.0,153.0,3.0
,2022-11-16,insta_post,36.0,373.0,15.0
,2022-11-15,insta_post,2.0,224.0,9.0
,2022-11-14,insta_post,8.0,185.0,10.0
,2022-11-10,insta_post,31.0,3254.0,36.0
360.0,2022-11-09,insta_post,0.0,263.0,0.0
,2022-11-07,insta_post,1.0,101.0,0.0
,2022-11-05,insta_post,9.0,120.0,1.0
,2022-11-03,insta_post,16.0,150.0,4.0
296.0,2022-11-02,insta_post,0.0,13.0,0.0
,2022-10-31,insta_post,15.0,680.0,3.0
,2022-10-26,insta_post,0.0,75.0,0.0
,2022-10-25,insta_post,61.0,319.0,7.0
522.0,2022-10-24,insta_post,2.0,34.0,2.0
,2022-10-21,insta_post,26.0,175.0,6.0
,2022-10-20,insta_post,28.0,198.0,0.0
,2022-10-14,insta_post,6.0,115.0,1.0
333.0,2022-10-12,insta_post,0.0,27.0,1.0
,2022-10-09,insta_post,12.0,5831.0,33.0
301.0,2022-10-07,insta_post,0.0,15.0,0.0
,2022-10-06,insta_post,2.0,101.0,1.0
,2022-10-03,insta_post,0.0,64.0,1.0
,2022-09-08,insta_post,4.0,129.0,0.0
291.0,2022-07-27,insta_post,0.0,31.0,1.0
454.0,2022-07-26,insta_post,0.0,24.0,0.0
,2022-07-25,insta_post,17.0,217.0,3.0
,2022-07-20,insta_post,6.0,241.0,0.0
330.0,2022-07-19,insta_post,0.0,15.0,0.0
,2022-07-18,insta_post,1.0,116.0,0.0
349.0,2022-07-13,insta_post,0.0,32.0,0.0
,2022-07-12,insta_post,4.0,226.0,4.0
,2022-07-11,insta_post,11.0,173.0,0.0
,2022-07-05,insta_post,1.0,230.0,4.0
,2022-07-04,insta_post,0.0,52.0,1.0
334.0,2022-07-03,insta_post,0.0,21.0,1.0
448.0,2022-06-29,insta_post,0.0,32.0,0.0
,2022-06-28,insta_post,1.0,238.0,2.0
367.0,2022-06-27,insta_post,0.0,35.0,4.0
,2022-06-23,insta_post,0.0,82.0,4.0
191.0,2022-06-22,insta_post,0.0,58.0,61.0
,2022-06-17,insta_post,6.0,85.0,0.0
,2022-06-14,insta_post,4.0,63.0,5.0
336.0,2022-06-13,insta_post,0.0,23.0,2.0
416.0,2022-06-08,insta_post,1.0,47.0,0.0
,2022-06-07,insta_post,1.0,324.0,8.0
326.0,2022-06-06,insta_post,0.0,31.0,1.0
,2022-06-02,insta_post,0.0,116.0,1.0
254.0,2022-05-31,insta_post,1.0,34.0,0.0
,2022-05-30,insta_post,0.0,147.0,0.0
222.0,2022-05-25,insta_post,0.0,46.0,2.0
,2022-05-24,insta_post,0.0,371.0,8.0
,2022-05-23,insta_post,4.0,91.0,1.0
,2022-05-18,insta_post,2.0,185.0,2.0
,2022-05-17,insta_post,5.0,354.0,2.0
,2022-05-16,insta_post,4.0,77.0,1.0
267.0,2022-05-11,insta_post,1.0,44.0,0.0
,2022-05-10,insta_post,0.0,95.0,5.0
352.0,2022-05-09,insta_post,0.0,39.0,0.0
,2022-05-05,insta_post,5.0,84.0,0.0
241.0,2022-05-04,insta_post,0.0,35.0,0.0
,2022-05-02,insta_post,2.0,307.0,4.0
172.0,2022-04-27,insta_post,0.0,16.0,0.0
,2022-04-26,insta_post,0.0,42.0,0.0
,2022-04-25,insta_post,3.0,91.0,1.0
,2022-04-20,insta_post,1.0,56.0,0.0
177.0,2022-04-18,insta_post,0.0,30.0,0.0
,2022-04-18,insta_post,5.0,87.0,0.0
,2022-04-15,insta_post,1.0,87.0,2.0
,2022-04-12,insta_post,1.0,57.0,0.0
,2022-04-11,insta_post,5.0,127.0,2.0
144.0,2022-04-07,insta_post,1.0,22.0,0.0
153.0,2022-04-05,insta_post,0.0,28.0,0.0
,2022-04-04,insta_post,2.0,178.0,0.0
,2022-03-30,insta_post,4.0,110.0,3.0
,2022-03-29,insta_post,0.0,55.0,2.0
131.0,2022-03-28,insta_post,0.0,34.0,2.0
,2022-03-23,insta_post,8.0,318.0,8.0
157.0,2022-03-22,insta_post,0.0,16.0,0.0
,2022-03-21,insta_post,2.0,138.0,1.0
,2022-03-16,insta_post,8.0,213.0,1.0
,2022-03-15,insta_post,0.0,37.0,0.0
,2022-03-14,insta_post,2.0,226.0,11.0
127.0,2022-03-10,insta_post,0.0,9.0,0.0
136.0,2022-03-08,insta_post,0.0,33.0,4.0
,2022-03-07,insta_post,3.0,66.0,17.0
,2022-03-03,insta_post,1.0,59.0,4.0
,2022-03-01,insta_post,5.0,45.0,1.0
272.0,2022-02-28,insta_post,0.0,41.0,2.0
312.0,2022-02-23,insta_post,0.0,40.0,1.0
,2022-02-22,insta_post,8.0,70.0,2.0
,2022-02-21,insta_post,0.0,97.0,0.0
115.0,2022-02-17,insta_post,0.0,18.0,0.0
,2022-02-16,insta_post,0.0,63.0,9.0
,2022-02-14,insta_post,2.0,166.0,2.0
,2022-02-11,insta_post,0.0,56.0,0.0
103.0,2022-02-08,insta_post,0.0,20.0,0.0
,2022-02-07,insta_post,1.0,33.0,0.0
93.0,2022-02-03,insta_post,0.0,10.0,0.0
,2022-02-02,insta_post,0.0,47.0,0.0
,2022-02-01,insta_post,0.0,192.0,6.0
160.0,2022-01-26,insta_post,0.0,16.0,0.0
,2022-01-25,insta_post,3.0,71.0,4.0
,2022-01-24,insta_post,0.0,52.0,5.0
124.0,2022-01-21,insta_post,0.0,29.0,0.0
179.0,2022-01-19,insta_post,1.0,57.0,5.0
,2022-01-17,insta_post,3.0,252.0,0.0
919.0,2022-01-13,insta_post,,,
108.0,2022-01-11,insta_post,0.0,31.0,0.0
,2022-01-10,insta_post,4.0,117.0,1.0
,2022-01-06,insta_post,2.0,182.0,1.0
125.0,2022-01-05,insta_post,0.0,12.0,0.0
164.0,2022-01-03,insta_post,0.0,20.0,2.0
,2021-12-30,insta_post,2.0,124.0,5.0
,2021-12-28,insta_post,2.0,56.0,2.0
84.0,2021-12-27,insta_post,0.0,7.0,0.0
84.0,2021-12-24,insta_post,0.0,12.0,0.0
,2021-12-21,insta_post,1.0,132.0,2.0
289.0,2021-12-20,insta_post,1.0,59.0,4.0
,2021-12-16,insta_post,43.0,197.0,4.0
151.0,2021-12-15,insta_post,0.0,29.0,6.0
,2021-12-13,insta_post,5.0,146.0,4.0
110.0,2021-12-09,insta_post,0.0,28.0,0.0
,2021-12-07,insta_post,0.0,44.0,0.0
93.0,2021-12-06,insta_post,0.0,22.0,0.0
91.0,2021-12-02,insta_post,0.0,25.0,0.0
97.0,2021-11-30,insta_post,0.0,64.0,4.0
,2021-11-28,insta_post,0.0,54.0,1.0
125.0,2021-11-25,insta_post,0.0,24.0,0.0
,2021-11-23,insta_post,9.0,272.0,4.0
171.0,2021-11-22,insta_post,0.0,30.0,1.0
,2021-11-09,insta_post,2.0,259.0,8.0
868.0,2021-11-02,insta_post,1.0,31.0,5.0
,2021-10-25,insta_post,0.0,31.0,0.0
,2021-10-24,insta_post,0.0,45.0,0.0
135.0,2021-10-20,insta_post,0.0,33.0,5.0
,2021-09-29,insta_post,3.0,156.0,6.0
,2021-09-24,insta_post,0.0,73.0,1.0
91.0,2021-09-18,insta_post,0.0,36.0,2.0
137.0,2021-08-31,insta_post,2.0,37.0,2.0
,2021-08-27,insta_post,8.0,122.0,2.0
,2021-08-23,insta_post,6.0,100.0,2.0
,2021-08-18,insta_post,2.0,125.0,4.0
,2021-08-10,insta_post,1.0,215.0,4.0
127.0,2021-08-04,insta_post,0.0,47.0,5.0
816.0,2021-07-29,insta_post,0.0,141.0,112.0
119.0,2021-07-29,insta_post,0.0,46.0,3.0
116.0,2021-06-24,insta_post,0.0,23.0,1.0
,2021-06-14,insta_post,2.0,229.0,8.0
741.0,2021-05-13,insta_post,1.0,111.0,6.0
127.0,2021-05-12,insta_post,1.0,56.0,5.0
816.0,2021-05-03,insta_post,1.0,156.0,6.0
730.0,2021-04-25,insta_post,0.0,90.0,8.0
93.0,2021-04-22,insta_post,0.0,34.0,0.0
90.0,2021-04-19,insta_post,0.0,26.0,0.0
686.0,2021-04-15,insta_post,0.0,52.0,0.0
122.0,2021-04-12,insta_post,0.0,83.0,7.0
651.0,2021-04-11,insta_post,0.0,78.0,2.0
633.0,2021-04-08,insta_post,0.0,106.0,0.0
149.0,2021-03-31,insta_post,0.0,71.0,0.0
164.0,2021-03-24,insta_post,0.0,118.0,9.0
185.0,2021-03-22,insta_post,0.0,47.0,1.0
197.0,2021-03-20,insta_post,2.0,170.0,12.0
757.0,2021-03-18,insta_post,3.0,235.0,4.0
716.0,2021-03-14,insta_post,0.0,77.0,1.0
212.0,2021-03-10,insta_post,1.0,202.0,16.0
799.0,2021-03-09,insta_post,3.0,72.0,0.0
825.0,2021-03-02,insta_post,19.0,257.0,12.0
203.0,2021-02-23,insta_post,0.0,73.0,0.0
199.0,2021-02-21,insta_post,3.0,77.0,3.0
813.0,2021-02-16,insta_post,0.0,80.0,5.0
690.0,2021-02-12,insta_post,2.0,92.0,2.0
703.0,2021-02-11,insta_post,0.0,50.0,0.0
707.0,2021-02-10,insta_post,1.0,107.0,1.0
149.0,2021-02-07,insta_post,0.0,54.0,0.0
155.0,2021-02-02,insta_post,0.0,60.0,0.0
157.0,2021-01-28,insta_post,0.0,78.0,1.0
733.0,2021-01-26,insta_post,6.0,109.0,10.0
138.0,2021-01-20,insta_post,0.0,27.0,0.0
108.0,2021-01-19,insta_post,0.0,32.0,0.0
117.0,2021-01-17,insta_post,1.0,70.0,1.0
113.0,2021-01-12,insta_post,0.0,27.0,0.0
110.0,2021-01-11,insta_post,0.0,57.0,0.0
626.0,2021-01-08,insta_post,3.0,147.0,12.0
612.0,2021-01-07,insta_post,3.0,214.0,19.0
133.0,2021-01-04,insta_post,0.0,48.0,0.0
137.0,2020-12-31,insta_post,0.0,70.0,0.0
140.0,2020-12-28,insta_post,0.0,54.0,3.0
128.0,2020-12-23,insta_post,0.0,77.0,3.0
144.0,2020-12-22,insta_post,1.0,62.0,0.0
136.0,2020-12-20,insta_post,0.0,105.0,1.0
144.0,2020-12-17,insta_post,0.0,39.0,2.0
143.0,2020-12-15,insta_post,0.0,104.0,5.0
136.0,2020-12-14,insta_post,0.0,28.0,0.0
108.0,2020-12-13,insta_post,0.0,46.0,2.0
97.0,2020-12-10,insta_post,0.0,23.0,3.0
95.0,2020-12-09,insta_post,1.0,33.0,2.0
625.0,2020-12-08,insta_post,0.0,47.0,0.0
97.0,2020-12-07,insta_post,0.0,11.0,0.0
92.0,2020-12-06,insta_post,0.0,24.0,0.0
102.0,2020-12-02,insta_post,0.0,40.0,2.0
87.0,2020-11-29,insta_post,0.0,28.0,0.0
533.0,2020-11-29,insta_post,0.0,22.0,0.0
66.0,2020-11-28,insta_post,0.0,13.0,2.0
68.0,2020-11-26,insta_post,0.0,41.0,0.0
68.0,2020-11-25,insta_post,0.0,14.0,0.0
68.0,2020-11-24,insta_post,0.0,27.0,0.0
499.0,2020-11-23,insta_post,0.0,26.0,0.0
63.0,2020-11-22,insta_post,0.0,31.0,0.0
94.0,2020-11-17,insta_post,1.0,25.0,0.0
103.0,2020-11-16,insta_post,0.0,52.0,0.0
95.0,2020-11-15,insta_post,0.0,28.0,0.0
71.0,2020-11-11,insta_post,0.0,29.0,0.0
66.0,2020-11-01,insta_post,0.0,23.0,0.0
68.0,2020-10-28,insta_post,0.0,16.0,0.0
511.0,2020-10-28,insta_post,2.0,56.0,0.0
537.0,2020-10-26,insta_post,0.0,34.0,1.0
473.0,2020-10-20,insta_post,0.0,33.0,0.0
69.0,2020-10-14,insta_post,0.0,10.0,0.0
484.0,2020-10-06,insta_post,0.0,28.0,0.0
459.0,2020-09-24,insta_post,0.0,37.0,1.0
73.0,2020-09-21,insta_post,0.0,36.0,1.0
83.0,2020-09-10,insta_post,0.0,49.0,3.0
82.0,2020-09-10,insta_post,0.0,36.0,0.0
79.0,2020-09-09,insta_post,0.0,46.0,1.0
444.0,2020-09-09,insta_post,0.0,30.0,2.0
55.0,2020-09-07,insta_post,0.0,13.0,0.0
57.0,2020-09-07,insta_post,0.0,17.0,1.0
474.0,2020-09-03,insta_post,0.0,22.0,0.0
542.0,2020-09-01,insta_post,12.0,70.0,7.0
447.0,2020-08-26,insta_post,0.0,29.0,0.0
81.0,2020-08-25,insta_post,0.0,31.0,1.0
445.0,2020-08-19,insta_post,2.0,35.0,1.0
490.0,2020-08-09,insta_post,5.0,68.0,0.0
481.0,2020-08-04,insta_post,12.0,85.0,3.0
462.0,2020-08-02,insta_post,1.0,54.0,0.0
422.0,2020-07-29,insta_post,5.0,75.0,2.0
94.0,2020-07-19,insta_post,0.0,33.0,0.0
91.0,2020-07-16,insta_post,1.0,24.0,0.0
492.0,2020-07-15,insta_post,1.0,40.0,4.0
434.0,2020-07-13,insta_post,0.0,31.0,0.0
85.0,2020-07-09,insta_post,0.0,41.0,1.0
420.0,2020-07-08,insta_post,0.0,25.0,0.0
86.0,2020-07-01,insta_post,0.0,32.0,0.0
100.0,2020-06-30,insta_post,0.0,46.0,0.0
521.0,2020-06-30,insta_post,4.0,77.0,2.0
96.0,2020-06-29,insta_post,1.0,79.0,4.0
87.0,2020-06-29,insta_post,0.0,11.0,0.0
83.0,2020-06-29,insta_post,0.0,24.0,0.0
109.0,2020-06-29,insta_post,0.0,25.0,0.0
488.0,2020-06-28,insta_post,0.0,38.0,0.0
69.0,2020-06-28,insta_post,0.0,5.0,0.0
389.0,2020-06-28,insta_post,0.0,21.0,0.0
52.0,2020-06-24,insta_post,0.0,2.0,0.0
51.0,2020-06-24,insta_post,0.0,21.0,0.0
59.0,2020-06-24,insta_post,0.0,22.0,1.0
64.0,2020-06-23,insta_post,0.0,3.0,0.0
61.0,2020-06-23,insta_post,0.0,11.0,0.0
58.0,2020-06-23,insta_post,0.0,1.0,0.0
61.0,2020-06-23,insta_post,0.0,8.0,0.0
63.0,2020-06-23,insta_post,0.0,14.0,5.0
62.0,2020-06-23,insta_post,0.0,13.0,0.0
57.0,2020-06-23,insta_post,0.0,2.0,3.0
54.0,2020-06-23,insta_post,0.0,4.0,0.0
58.0,2020-06-23,insta_post,1.0,6.0,0.0
55.0,2020-06-23,insta_post,0.0,9.0,0.0
49.0,2020-06-23,insta_post,0.0,9.0,0.0
47.0,2020-06-23,insta_post,0.0,3.0,0.0
55.0,2020-06-22,insta_post,0.0,14.0,0.0
61.0,2020-06-22,insta_post,0.0,19.0,0.0
68.0,2020-06-22,insta_post,0.0,20.0,1.0
65.0,2020-06-22,insta_post,0.0,12.0,0.0
78.0,2020-06-22,insta_post,0.0,33.0,2.0
74.0,2020-06-22,insta_post,0.0,33.0,0.0
69.0,2020-06-19,insta_post,0.0,16.0,0.0
47.0,2020-06-19,insta_post,0.0,7.0,0.0
46.0,2020-06-19,insta_post,0.0,9.0,0.0
52.0,2020-05-22,insta_post,0.0,19.0,0.0
52.0,2020-05-22,insta_post,0.0,22.0,0.0
55.0,2020-05-22,insta_post,0.0,23.0,2.0
